"","TIV","TGMV","TWMV","TCV","LVV","HCV","AV","id","scanner","segmentation","SITE"
"1",1.345518,6.245799,4.088211,5.002213,10.367527,7.44135,2.604316,"ID_72","SKYRA","samseg","SKYRA_samseg"
"2",1.42432,6.586699,4.430475,5.394069,10.207226,7.593367,2.746231,"ID_34","SKYRA","samseg","SKYRA_samseg"
"3",1.478648,6.331224,4.038322,5.145048,11.462232,7.529284,3.228202,"ID_31","SKYRA","samseg","SKYRA_samseg"
"4",1.797137,7.743192,5.942146,6.397014,10.352148,8.824288,3.874941,"ID_44","SKYRA","samseg","SKYRA_samseg"
"5",1.38016,6.313008,4.161394,5.062379,10.129259,8.102541,3.007686,"ID_69","SKYRA","samseg","SKYRA_samseg"
"6",1.405333,6.476841,4.691796,5.245972,9.887287,7.893572,3.000247,"ID_22","VERIO","samseg","VERIO_samseg"
"7",1.544114,7.116707,5.070772,5.807631,10.270134,8.223535,3.233386,"ID_101","VERIO","samseg","VERIO_samseg"
"8",1.731979,7.535478,5.626061,5.958978,10.129958,8.510913,3.558247,"ID_115","VERIO","samseg","VERIO_samseg"
"9",1.399977,5.997373,4.413982,4.73736,10.275755,7.542904,2.924204,"ID_64","VERIO","samseg","VERIO_samseg"
"10",1.749142,7.950996,5.209488,6.489347,11.559039,8.796703,3.772844,"ID_8","VERIO","samseg","VERIO_samseg"
"11",1.499722,6.85019,5.019472,5.547748,9.952157,8.157816,3.209304,"ID_117","VERIO","samseg","VERIO_samseg"
"12",1.572892,7.263486,5.058469,6.066176,10.652921,9.70907,3.51168,"ID_40","VERIO","samseg","VERIO_samseg"
"13",1.485241,6.82321,4.983601,5.513714,9.967702,8.127304,3.213876,"ID_117","SKYRA","samseg","SKYRA_samseg"
"14",1.452038,6.742878,4.66789,5.510449,9.991663,7.892587,3.047508,"ID_86","SKYRA","samseg","SKYRA_samseg"
"15",1.448804,6.520142,4.599986,5.250337,10.211398,8.701477,3.229212,"ID_21","VERIO","samseg","VERIO_samseg"
"16",1.559518,7.044174,4.418137,5.640605,10.108169,8.700758,3.291823,"ID_42","SKYRA","samseg","SKYRA_samseg"
"17",1.660072,7.465653,5.097251,6.077207,10.293691,8.516606,2.871562,"ID_1","VERIO","samseg","VERIO_samseg"
"18",1.454994,6.531375,4.636405,5.275752,10.207554,8.736035,3.194819,"ID_21","SKYRA","samseg","SKYRA_samseg"
"19",1.33816,6.125741,4.125578,4.880152,10.177445,7.244224,2.923959,"ID_60","VERIO","samseg","VERIO_samseg"
"20",1.384281,6.409992,4.37266,5.190432,10.175216,7.83658,2.751327,"ID_15","SKYRA","samseg","SKYRA_samseg"
"21",1.519101,6.883439,4.919418,5.628593,10.144372,8.176864,3.443138,"ID_90","VERIO","samseg","VERIO_samseg"
"22",1.732556,7.411454,5.592364,5.847328,10.651608,9.225106,3.696842,"ID_104","SKYRA","samseg","SKYRA_samseg"
"23",1.683183,7.403917,5.613709,6.126097,10.84907,8.555454,3.621409,"ID_52","VERIO","samseg","VERIO_samseg"
"24",1.438938,6.362286,4.837544,5.271809,10.077646,7.611873,3.342339,"ID_110","VERIO","samseg","VERIO_samseg"
"25",1.30932,5.415571,3.975781,4.226517,11.069697,6.824759,2.868065,"ID_96","SKYRA","samseg","SKYRA_samseg"
"26",1.801088,8.066134,5.474043,6.515886,10.860438,7.74852,3.381386,"ID_51","SKYRA","samseg","SKYRA_samseg"
"27",1.663062,6.843491,5.130103,5.559848,10.60782,8.550079,3.433884,"ID_112","VERIO","samseg","VERIO_samseg"
"28",1.608801,7.438782,4.791806,6.084859,10.023707,7.568493,3.214662,"ID_66","SKYRA","samseg","SKYRA_samseg"
"29",1.490134,6.744484,5.141929,5.37324,9.836673,8.129665,2.972756,"ID_97","VERIO","samseg","VERIO_samseg"
"30",1.686245,8.123551,5.078739,6.741977,10.018682,8.876094,3.222828,"ID_76","SKYRA","samseg","SKYRA_samseg"
"31",1.580975,7.253706,5.34533,5.965937,10.265857,7.765763,3.069377,"ID_68","SKYRA","samseg","SKYRA_samseg"
"32",1.310409,6.257821,4.244576,4.972498,9.674245,7.204089,2.676774,"ID_47","VERIO","samseg","VERIO_samseg"
"33",1.349084,6.307266,4.275415,5.09462,9.846189,7.052465,2.877633,"ID_57","SKYRA","samseg","SKYRA_samseg"
"34",1.450091,6.760654,4.503525,5.459283,9.947633,8.340564,2.920581,"ID_77","VERIO","samseg","VERIO_samseg"
"35",1.724905,7.684299,5.585948,6.229724,10.155539,8.610587,3.622045,"ID_87","VERIO","samseg","VERIO_samseg"
"36",1.478725,6.755783,4.61305,5.397623,10.175915,8.518658,3.102134,"ID_5","SKYRA","samseg","SKYRA_samseg"
"37",1.579916,6.646724,5.177459,5.431662,10.374331,8.410895,3.165697,"ID_74","VERIO","samseg","VERIO_samseg"
"38",1.801626,7.939076,5.752869,6.366982,10.737939,8.373143,3.573919,"ID_58","SKYRA","samseg","SKYRA_samseg"
"39",1.870677,8.730257,5.865435,7.073322,10.64449,9.036135,3.735226,"ID_45","SKYRA","samseg","SKYRA_samseg"
"40",1.353466,6.258407,4.06674,4.959707,10.79264,7.770037,2.78742,"ID_65","VERIO","samseg","VERIO_samseg"
"41",1.358748,6.179271,4.300234,5.132415,9.912343,7.133601,2.76898,"ID_82","SKYRA","samseg","SKYRA_samseg"
"42",1.43157,6.670634,4.72429,5.277073,9.945698,7.893695,3.076678,"ID_81","SKYRA","samseg","SKYRA_samseg"
"43",1.683482,8.07779,5.092451,6.684336,10.001508,8.857308,3.236862,"ID_76","VERIO","samseg","VERIO_samseg"
"44",1.48013,6.798369,4.870622,5.530765,9.996755,7.886698,3.074708,"ID_94","VERIO","samseg","VERIO_samseg"
"45",1.562808,6.556753,5.162821,5.319386,10.391376,8.42075,3.254241,"ID_74","SKYRA","samseg","SKYRA_samseg"
"46",1.492173,6.940549,4.813662,5.544593,9.847635,8.070657,3.332582,"ID_19","VERIO","samseg","VERIO_samseg"
"47",1.381751,6.097754,4.900851,4.963178,10.107937,7.161375,3.062095,"ID_37","VERIO","samseg","VERIO_samseg"
"48",1.606426,6.365658,5.293622,5.098002,10.524752,7.931425,3.004588,"ID_106","SKYRA","samseg","SKYRA_samseg"
"49",1.498326,6.860322,4.9683,5.604051,10.01596,7.892143,3.105351,"ID_94","SKYRA","samseg","SKYRA_samseg"
"50",1.565171,7.024293,4.88454,5.761441,10.191258,8.530946,3.60767,"ID_33","VERIO","samseg","VERIO_samseg"
"51",1.222361,5.575102,3.808782,4.408252,10.064162,6.962954,2.493292,"ID_70","SKYRA","samseg","SKYRA_samseg"
"52",1.560952,7.088732,4.35418,5.694693,10.125532,8.692666,3.257228,"ID_42","VERIO","samseg","VERIO_samseg"
"53",1.364076,6.026099,4.191743,4.905206,10.208812,7.277264,2.90112,"ID_14","VERIO","samseg","VERIO_samseg"
"54",1.331566,6.27022,4.236914,5.007002,9.731893,7.213108,2.646213,"ID_47","SKYRA","samseg","SKYRA_samseg"
"55",1.488439,6.776475,4.508755,5.547408,10.20027,8.447658,3.20401,"ID_32","VERIO","samseg","VERIO_samseg"
"56",1.391664,5.991862,4.468662,4.741432,10.225867,7.554709,2.90361,"ID_64","SKYRA","samseg","SKYRA_samseg"
"57",1.611695,6.975788,5.206153,5.849437,9.961434,8.021936,3.386196,"ID_102","VERIO","samseg","VERIO_samseg"
"58",1.435384,6.246931,4.640785,5.012738,10.430574,7.741393,2.819808,"ID_27","VERIO","samseg","VERIO_samseg"
"59",1.264139,5.732776,3.808552,4.608357,9.952596,7.159529,2.731096,"ID_41","SKYRA","samseg","SKYRA_samseg"
"60",1.463377,6.474863,4.700518,5.354207,10.358569,8.207636,3.399059,"ID_118","SKYRA","samseg","SKYRA_samseg"
"61",1.623291,6.952374,5.190353,5.854486,9.973273,8.009978,3.359904,"ID_102","SKYRA","samseg","SKYRA_samseg"
"62",1.298005,5.962641,4.205711,4.800331,9.903146,7.087358,2.599488,"ID_80","VERIO","samseg","VERIO_samseg"
"63",1.550047,6.804403,5.050989,5.479081,9.909646,8.018456,3.219348,"ID_46","SKYRA","samseg","SKYRA_samseg"
"64",1.466075,6.487416,4.692834,5.355913,10.298599,8.201656,3.397684,"ID_118","VERIO","samseg","VERIO_samseg"
"65",1.590428,7.320309,4.760074,5.946922,10.03635,7.501951,3.239848,"ID_66","VERIO","samseg","VERIO_samseg"
"66",1.412407,6.422017,4.548487,5.154598,10.010981,8.096147,3.04015,"ID_48","VERIO","samseg","VERIO_samseg"
"67",1.389271,6.41785,4.346407,5.186806,10.144561,7.869935,2.795129,"ID_15","VERIO","samseg","VERIO_samseg"
"68",1.660577,7.713862,5.143421,6.226185,10.038118,8.940334,3.540562,"ID_11","SKYRA","samseg","SKYRA_samseg"
"69",1.899753,8.702483,5.852649,7.015709,10.508466,9.327296,4.027204,"ID_36","SKYRA","samseg","SKYRA_samseg"
"70",1.348013,5.965945,4.176122,4.873429,10.012223,7.428674,2.677453,"ID_12","VERIO","samseg","VERIO_samseg"
"71",1.525289,7.172633,4.785146,5.688685,10.021327,8.594613,3.332372,"ID_17","VERIO","samseg","VERIO_samseg"
"72",1.39044,6.457318,4.235501,5.346619,10.37809,7.891486,2.957034,"ID_79","VERIO","samseg","VERIO_samseg"
"73",1.510602,6.786673,4.699993,5.38501,10.116604,7.955907,3.115578,"ID_53","SKYRA","samseg","SKYRA_samseg"
"74",1.463032,6.491023,4.831971,5.235818,10.436157,8.005504,3.080405,"ID_95","VERIO","samseg","VERIO_samseg"
"75",1.653426,7.42576,5.48732,6.046895,10.354349,8.236949,3.462825,"ID_83","SKYRA","samseg","SKYRA_samseg"
"76",1.371779,6.106987,4.200245,5.002522,10.052304,6.909619,2.750782,"ID_121","SKYRA","samseg","SKYRA_samseg"
"77",1.425412,6.513193,4.526552,5.107464,9.997167,7.748236,2.855622,"ID_13","SKYRA","samseg","SKYRA_samseg"
"78",1.47155,6.887091,4.639959,5.574578,10.203113,7.770833,2.911579,"ID_67","SKYRA","samseg","SKYRA_samseg"
"79",1.545214,6.746608,4.730112,5.348526,10.367674,8.147333,3.049707,"ID_103","SKYRA","samseg","SKYRA_samseg"
"80",1.418679,6.536581,4.34743,5.264632,10.507564,7.667776,2.961228,"ID_108","VERIO","samseg","VERIO_samseg"
"81",1.543073,7.097567,4.985605,5.698519,10.108918,8.638337,3.187361,"ID_78","SKYRA","samseg","SKYRA_samseg"
"82",1.456824,6.511413,4.685629,5.089743,10.122114,7.360739,2.923081,"ID_92","SKYRA","samseg","SKYRA_samseg"
"83",1.384716,6.322295,4.186872,5.08048,10.493355,7.841402,2.991618,"ID_16","SKYRA","samseg","SKYRA_samseg"
"84",1.677031,7.621484,5.086361,6.095419,10.029311,8.34586,3.440338,"ID_28","VERIO","samseg","VERIO_samseg"
"85",1.348288,6.242084,4.060501,4.9394,10.784364,7.69496,2.773839,"ID_65","SKYRA","samseg","SKYRA_samseg"
"86",1.430038,6.066901,4.135217,4.835006,10.643204,7.318975,3.28252,"ID_50","SKYRA","samseg","SKYRA_samseg"
"87",1.496545,6.817652,4.698861,5.40374,10.05789,8.071158,3.084213,"ID_53","VERIO","samseg","VERIO_samseg"
"88",1.523407,6.997769,5.095866,5.693289,10.27959,8.184054,3.158961,"ID_101","SKYRA","samseg","SKYRA_samseg"
"89",1.554241,7.023416,4.815902,5.604168,10.579626,9.040156,3.023452,"ID_6","VERIO","samseg","VERIO_samseg"
"90",1.476355,6.669871,4.467452,5.692555,10.125623,8.131817,3.089081,"ID_73","VERIO","samseg","VERIO_samseg"
"91",1.464598,6.78023,4.60682,5.494197,9.927619,8.513795,3.069577,"ID_77","SKYRA","samseg","SKYRA_samseg"
"92",1.548573,6.758066,4.792955,5.37177,10.352576,8.104471,3.079483,"ID_103","VERIO","samseg","VERIO_samseg"
"93",1.504996,6.701068,4.793886,5.389141,9.96144,7.596612,2.932043,"ID_24","VERIO","samseg","VERIO_samseg"
"94",1.792424,7.942255,5.773585,6.380847,10.714578,8.271988,3.591917,"ID_58","VERIO","samseg","VERIO_samseg"
"95",1.533047,6.873909,4.798795,5.52731,10.096133,8.215566,3.166346,"ID_9","SKYRA","samseg","SKYRA_samseg"
"96",1.871604,8.68409,5.740599,7.017755,10.618409,8.946631,3.739369,"ID_45","VERIO","samseg","VERIO_samseg"
"97",1.355978,6.15927,4.241711,5.113128,9.902539,7.232287,2.81419,"ID_82","VERIO","samseg","VERIO_samseg"
"98",1.360323,6.305012,4.120584,5.085171,10.356082,7.486372,2.573584,"ID_72","VERIO","samseg","VERIO_samseg"
"99",1.595845,7.091076,5.170544,5.771042,9.901143,7.631918,3.476279,"ID_39","SKYRA","samseg","SKYRA_samseg"
"100",1.615793,6.433628,5.30822,5.176146,10.539469,7.952074,2.965652,"ID_106","VERIO","samseg","VERIO_samseg"
"101",1.567878,6.989315,4.959804,5.519199,10.224611,8.089597,3.124209,"ID_25","VERIO","samseg","VERIO_samseg"
"102",1.279868,5.828797,3.870039,4.717927,9.95183,7.150283,2.782517,"ID_41","VERIO","samseg","VERIO_samseg"
"103",1.42566,6.528323,4.390708,5.256086,10.510683,7.568743,2.945071,"ID_108","SKYRA","samseg","SKYRA_samseg"
"104",1.792496,8.097005,5.703122,6.443785,10.484679,9.843927,3.531543,"ID_75","VERIO","samseg","VERIO_samseg"
"105",1.819732,8.194673,5.744059,6.557541,10.555456,9.964309,3.531231,"ID_75","SKYRA","samseg","SKYRA_samseg"
"106",1.294684,6.075652,4.155516,4.930843,9.855496,7.02658,2.663843,"ID_80","SKYRA","samseg","SKYRA_samseg"
"107",1.495834,6.590962,4.978495,5.352652,10.443484,8.113332,3.072105,"ID_95","SKYRA","samseg","SKYRA_samseg"
"108",1.501383,6.803135,5.188352,5.440274,9.857486,8.201714,3.0191,"ID_97","SKYRA","samseg","SKYRA_samseg"
"109",1.572894,7.251396,5.069137,6.064778,10.669064,9.696032,3.453872,"ID_40","SKYRA","samseg","SKYRA_samseg"
"110",1.599162,7.279032,5.217449,5.977763,10.389778,8.570881,3.163506,"ID_4","SKYRA","samseg","SKYRA_samseg"
"111",1.598689,7.241483,4.899684,5.793358,10.096108,8.507533,3.753292,"ID_3","VERIO","samseg","VERIO_samseg"
"112",1.575482,7.036726,5.10784,5.706853,9.888603,7.784791,3.477294,"ID_39","VERIO","samseg","VERIO_samseg"
"113",1.55633,6.925205,5.077415,5.586888,9.875044,7.989885,3.311989,"ID_46","VERIO","samseg","VERIO_samseg"
"114",1.379618,6.196861,4.160163,5.102636,10.037493,6.857116,2.685083,"ID_121","VERIO","samseg","VERIO_samseg"
"115",1.414694,6.430092,4.588472,4.983325,10.102445,7.276148,2.900565,"ID_92","VERIO","samseg","VERIO_samseg"
"116",1.614605,7.418448,4.804045,5.988731,10.089691,8.815792,3.878602,"ID_3","SKYRA","samseg","SKYRA_samseg"
"117",1.395222,6.515048,4.40873,5.210327,9.839283,7.330943,2.751671,"ID_38","VERIO","samseg","VERIO_samseg"
"118",1.606613,6.966062,5.503114,5.602579,10.134802,8.610079,3.542585,"ID_111","SKYRA","samseg","SKYRA_samseg"
"119",1.396118,6.47008,4.269796,5.361535,10.370792,7.9444,2.91806,"ID_79","SKYRA","samseg","SKYRA_samseg"
"120",1.579256,7.35393,4.766543,5.8104,10.319233,8.134273,2.729152,"ID_91","SKYRA","samseg","SKYRA_samseg"
"121",1.722585,7.766473,5.128357,6.225715,10.293084,8.633749,3.537387,"ID_2","SKYRA","samseg","SKYRA_samseg"
"122",1.437825,6.613206,4.639135,5.433377,10.219478,8.524517,2.987895,"ID_107","VERIO","samseg","VERIO_samseg"
"123",1.41135,6.526299,4.705982,5.308554,9.895041,7.989745,2.998929,"ID_22","SKYRA","samseg","SKYRA_samseg"
"124",1.572297,7.028483,4.865509,5.782906,10.257151,8.45875,3.589725,"ID_33","SKYRA","samseg","SKYRA_samseg"
"125",1.428943,6.529634,4.700395,5.294001,10.335087,7.698294,2.97137,"ID_56","SKYRA","samseg","SKYRA_samseg"
"126",1.485761,6.741053,4.537729,5.502585,10.192135,8.421707,3.225717,"ID_32","SKYRA","samseg","SKYRA_samseg"
"127",1.693174,7.600416,5.472596,6.153535,10.07524,8.879906,3.599944,"ID_20","VERIO","samseg","VERIO_samseg"
"128",1.475338,6.912357,4.662288,5.607676,10.202008,7.642748,2.930565,"ID_67","VERIO","samseg","VERIO_samseg"
"129",1.336164,5.939799,4.168701,4.854266,10.035659,7.347505,2.654392,"ID_12","SKYRA","samseg","SKYRA_samseg"
"130",1.432043,6.336632,4.418479,5.164487,9.937909,8.821253,3.541177,"ID_63","SKYRA","samseg","SKYRA_samseg"
"131",1.660594,6.818814,5.083289,5.554583,10.613476,8.630697,3.532228,"ID_112","SKYRA","samseg","SKYRA_samseg"
"132",1.37447,6.124763,4.895663,4.998358,10.080518,7.125214,3.041043,"ID_37","SKYRA","samseg","SKYRA_samseg"
"133",1.528693,7.018768,4.898503,5.600782,10.121821,8.658563,3.181323,"ID_78","VERIO","samseg","VERIO_samseg"
"134",1.722561,7.797627,5.193571,6.280252,10.259659,8.497254,3.478122,"ID_2","VERIO","samseg","VERIO_samseg"
"135",1.445864,6.400993,4.432408,5.227864,9.925455,8.960957,3.605733,"ID_63","VERIO","samseg","VERIO_samseg"
"136",1.600231,7.126142,5.180036,5.813701,10.313658,8.483442,3.210431,"ID_18","VERIO","samseg","VERIO_samseg"
"137",1.301882,6.059446,4.355365,4.96243,9.80768,6.986232,2.735116,"ID_59","SKYRA","samseg","SKYRA_samseg"
"138",1.753642,7.694133,5.153776,6.125544,10.869079,9.579672,3.328026,"ID_105","VERIO","samseg","VERIO_samseg"
"139",1.568204,7.175353,5.26732,5.873392,10.226854,7.757699,3.150241,"ID_68","VERIO","samseg","VERIO_samseg"
"140",1.644948,7.423092,5.09513,6.051641,10.28333,8.645536,2.926179,"ID_1","SKYRA","samseg","SKYRA_samseg"
"141",1.423984,6.314517,4.757549,5.193277,10.097943,7.732652,3.373341,"ID_110","SKYRA","samseg","SKYRA_samseg"
"142",1.502634,6.691247,4.844161,5.398894,9.961163,7.559915,2.894841,"ID_24","SKYRA","samseg","SKYRA_samseg"
"143",1.337608,6.249715,4.223751,5.022205,9.844485,7.083065,2.866358,"ID_57","VERIO","samseg","VERIO_samseg"
"144",1.300668,5.432242,4.044775,4.256266,11.073359,6.848271,2.929604,"ID_96","VERIO","samseg","VERIO_samseg"
"145",1.765712,7.975425,5.224984,6.512988,11.576869,8.720907,3.685249,"ID_8","SKYRA","samseg","SKYRA_samseg"
"146",1.497351,6.648593,4.841141,5.308043,10.21059,7.069318,2.949004,"ID_62","VERIO","samseg","VERIO_samseg"
"147",1.266163,5.791654,3.941572,4.629533,10.165213,7.62104,2.82121,"ID_7","SKYRA","samseg","SKYRA_samseg"
"148",1.504063,7.01192,4.907925,5.632367,9.874517,8.049272,3.263468,"ID_19","SKYRA","samseg","SKYRA_samseg"
"149",1.814173,7.887909,5.994788,6.560311,10.240886,8.831286,3.852144,"ID_44","VERIO","samseg","VERIO_samseg"
"150",1.481483,6.728636,4.982358,5.54848,9.893467,8.152072,2.989037,"ID_88","VERIO","samseg","VERIO_samseg"
"151",1.693222,7.630526,5.496058,6.211607,10.065685,8.774073,3.615038,"ID_20","SKYRA","samseg","SKYRA_samseg"
"152",1.617481,6.965024,5.530601,5.612231,10.141114,8.463832,3.527968,"ID_111","VERIO","samseg","VERIO_samseg"
"153",1.591093,7.061524,5.06723,5.603377,10.252966,8.258214,3.268311,"ID_25","SKYRA","samseg","SKYRA_samseg"
"154",1.339719,6.125301,4.108318,4.89479,10.165249,7.082616,2.890728,"ID_60","SKYRA","samseg","SKYRA_samseg"
"155",1.383884,6.292161,4.16902,5.114268,10.183442,7.994513,3.039611,"ID_69","VERIO","samseg","VERIO_samseg"
"156",1.197065,5.448677,3.71439,4.297942,10.0319,6.894942,2.458397,"ID_70","VERIO","samseg","VERIO_samseg"
"157",1.690297,7.699046,5.059503,6.170711,10.038757,8.215873,3.360224,"ID_28","SKYRA","samseg","SKYRA_samseg"
"158",1.769626,7.980406,5.388177,6.468519,10.366206,8.960758,3.906851,"ID_23","SKYRA","samseg","SKYRA_samseg"
"159",1.402348,6.471977,4.545462,5.190853,9.990425,8.211164,2.977965,"ID_48","SKYRA","samseg","SKYRA_samseg"
"160",1.657527,7.724969,5.16637,6.142531,9.964713,8.593712,3.342532,"ID_26","VERIO","samseg","VERIO_samseg"
"161",1.747291,7.461738,5.668811,5.870733,10.627869,9.264719,3.634091,"ID_104","VERIO","samseg","VERIO_samseg"
"162",1.373669,6.02784,4.189596,4.908062,10.238467,7.32237,2.869293,"ID_14","SKYRA","samseg","SKYRA_samseg"
"163",1.361166,6.224751,4.51463,4.934512,9.93142,7.653452,3.265012,"ID_49","SKYRA","samseg","SKYRA_samseg"
"164",1.531914,6.814226,4.868066,5.466579,10.076684,8.225764,3.051137,"ID_9","VERIO","samseg","VERIO_samseg"
"165",1.661175,7.416423,5.533135,6.052113,10.358758,8.034268,3.327355,"ID_83","VERIO","samseg","VERIO_samseg"
"166",1.725022,7.541922,5.597259,5.954997,10.14964,8.481067,3.538795,"ID_115","SKYRA","samseg","SKYRA_samseg"
"167",1.518791,6.788428,4.961671,5.558235,10.184442,8.027157,3.356591,"ID_90","SKYRA","samseg","SKYRA_samseg"
"168",1.751367,7.634088,5.153792,6.078635,10.881052,9.361663,3.325883,"ID_105","SKYRA","samseg","SKYRA_samseg"
"169",1.418996,6.473744,4.480444,5.069747,10.025019,7.77926,2.924876,"ID_13","VERIO","samseg","VERIO_samseg"
"170",1.270948,5.834858,3.884197,4.685987,10.150847,7.516715,2.816377,"ID_7","VERIO","samseg","VERIO_samseg"
"171",1.583942,7.376423,4.806017,5.826418,10.310089,8.032485,2.711568,"ID_91","VERIO","samseg","VERIO_samseg"
"172",1.488426,6.663836,4.765684,5.311342,10.254396,7.1443,3.096206,"ID_62","SKYRA","samseg","SKYRA_samseg"
"173",1.682111,7.391257,4.758578,6.002698,10.686713,8.160611,3.197987,"ID_98","SKYRA","samseg","SKYRA_samseg"
"174",1.399597,6.503601,4.403591,5.199809,9.828401,7.447585,2.771392,"ID_38","SKYRA","samseg","SKYRA_samseg"
"175",1.649172,7.657782,5.161054,6.147832,9.990797,9.006785,3.601364,"ID_11","VERIO","samseg","VERIO_samseg"
"176",1.606195,7.257336,5.21997,5.954261,10.429759,8.557169,3.149195,"ID_4","VERIO","samseg","VERIO_samseg"
"177",1.664332,7.479303,4.978756,6.006572,10.139528,8.612373,3.528097,"ID_99","SKYRA","samseg","SKYRA_samseg"
"178",1.651449,7.417601,5.007163,5.928164,10.116949,8.653841,3.606751,"ID_99","VERIO","samseg","VERIO_samseg"
"179",1.318634,6.093401,4.420376,5.030499,9.813389,6.885963,2.765623,"ID_59","VERIO","samseg","VERIO_samseg"
"180",1.412252,6.557844,4.4057,5.355582,10.161604,7.537793,2.7293,"ID_34","VERIO","samseg","VERIO_samseg"
"181",1.474659,6.785584,4.981713,5.571797,9.867953,8.296578,3.038165,"ID_88","SKYRA","samseg","SKYRA_samseg"
"182",1.434818,6.269555,4.603243,5.013846,10.412192,7.788358,2.918209,"ID_27","SKYRA","samseg","SKYRA_samseg"
"183",1.590861,7.193205,4.968024,5.79565,10.149202,8.485136,3.42291,"ID_116","VERIO","samseg","VERIO_samseg"
"184",1.796855,8.048526,5.46805,6.512104,10.847156,7.651531,3.267869,"ID_51","VERIO","samseg","VERIO_samseg"
"185",1.492407,6.821761,4.610009,5.473826,10.15648,8.599848,3.202335,"ID_5","VERIO","samseg","VERIO_samseg"
"186",1.359142,6.218081,4.512878,4.92981,9.912714,7.658158,3.278359,"ID_49","VERIO","samseg","VERIO_samseg"
"187",1.438949,6.512127,4.73846,5.281376,10.360046,7.68713,3.005799,"ID_56","VERIO","samseg","VERIO_samseg"
"188",1.361681,6.269841,4.136355,5.000269,10.445372,7.846389,3.029926,"ID_16","VERIO","samseg","VERIO_samseg"
"189",1.592606,7.24363,4.932068,5.842998,10.154879,8.285982,3.426777,"ID_116","SKYRA","samseg","SKYRA_samseg"
"190",1.78001,8.005081,5.418565,6.488733,10.377808,8.995701,3.877325,"ID_23","VERIO","samseg","VERIO_samseg"
"191",1.431255,6.416186,4.39578,5.254171,10.230671,7.541392,2.931706,"ID_89","VERIO","samseg","VERIO_samseg"
"192",1.532353,7.238866,4.682025,5.874757,10.061644,8.78613,3.512193,"ID_120","VERIO","samseg","VERIO_samseg"
"193",1.668755,7.618305,5.376955,6.055047,10.059639,8.590831,3.356552,"ID_26","SKYRA","samseg","SKYRA_samseg"
"194",1.451082,6.284443,4.021225,5.079273,11.44569,7.502153,3.280043,"ID_31","VERIO","samseg","VERIO_samseg"
"195",1.702027,7.633675,5.529175,6.16321,10.155231,8.763995,3.642434,"ID_87","SKYRA","samseg","SKYRA_samseg"
"196",1.50491,7.112151,4.740499,5.619709,10.049549,8.843083,3.327347,"ID_17","SKYRA","samseg","SKYRA_samseg"
"197",1.446514,6.744707,4.637588,5.502056,9.984026,7.816211,3.083475,"ID_86","VERIO","samseg","VERIO_samseg"
"198",1.680092,7.460629,4.754334,6.026518,10.658593,8.097388,3.219842,"ID_98","VERIO","samseg","VERIO_samseg"
"199",1.439214,6.175562,4.203317,4.933502,10.621712,7.447324,3.430742,"ID_50","VERIO","samseg","VERIO_samseg"
"200",1.483039,6.654633,4.444952,5.656581,10.124928,8.297963,3.113943,"ID_73","SKYRA","samseg","SKYRA_samseg"
"201",1.431361,6.628743,4.638121,5.242284,9.960697,7.93318,3.049155,"ID_81","VERIO","samseg","VERIO_samseg"
"202",1.515077,7.198219,4.674742,5.836612,10.05886,8.727565,3.47473,"ID_120","SKYRA","samseg","SKYRA_samseg"
"203",1.912893,8.770997,5.851783,7.044758,10.471353,9.371902,4.041217,"ID_36","VERIO","samseg","VERIO_samseg"
"204",1.196976,5.78384,4.12967,4.724037,9.998352,7.68971,2.553966,"ID_12","SKYRA","recon6","SKYRA_recon6"
"205",1.192802,5.767293,4.096248,4.703182,9.982434,7.656013,2.635292,"ID_12","VERIO","recon6","VERIO_recon6"
"206",1.402124,5.804969,4.538493,4.589844,10.243365,7.407642,2.851382,"ID_64","SKYRA","recon6","SKYRA_recon6"
"207",1.400395,5.737714,4.480804,4.523885,10.295093,7.332091,2.864923,"ID_64","VERIO","recon6","VERIO_recon6"
"208",1.6465,7.576673,5.516593,6.12445,9.844699,9.377131,3.801292,"ID_20","SKYRA","recon6","SKYRA_recon6"
"209",1.647302,7.578729,5.546998,6.137182,9.83927,9.445294,3.754241,"ID_20","VERIO","recon6","VERIO_recon6"
"210",1.409483,6.295835,4.503429,5.091997,9.766752,9.115742,3.618115,"ID_63","SKYRA","recon6","SKYRA_recon6"
"211",1.407655,6.356775,4.462767,5.146744,9.758212,9.150522,3.698725,"ID_63","VERIO","recon6","VERIO_recon6"
"212",1.691106,7.561152,5.581105,6.110498,10.12736,8.575454,3.724497,"ID_87","SKYRA","recon6","SKYRA_recon6"
"213",1.692531,7.611193,5.614221,6.173859,10.120115,8.610852,3.77249,"ID_87","VERIO","recon6","VERIO_recon6"
"214",1.456034,6.402809,4.790473,5.292905,10.309312,8.193725,3.475141,"ID_118","SKYRA","recon6","SKYRA_recon6"
"215",1.454863,6.391854,4.748499,5.278598,10.261866,8.350538,3.281821,"ID_118","VERIO","recon6","VERIO_recon6"
"216",1.664658,7.518718,5.521775,5.945493,10.073399,8.758239,3.340045,"ID_115","SKYRA","recon6","SKYRA_recon6"
"217",1.665595,7.446383,5.544194,5.887005,10.074184,8.754852,3.338596,"ID_115","VERIO","recon6","VERIO_recon6"
"218",1.447842,6.467756,4.286061,5.358917,10.366071,8.068761,2.915805,"ID_79","SKYRA","recon6","SKYRA_recon6"
"219",1.446227,6.48633,4.264217,5.381019,10.385644,8.119383,2.861409,"ID_79","VERIO","recon6","VERIO_recon6"
"220",1.301586,5.847184,3.960425,4.717862,10.225576,7.013158,2.901402,"ID_7","SKYRA","recon6","SKYRA_recon6"
"221",1.298273,5.854602,3.86557,4.718947,10.211831,7.009429,3.060037,"ID_7","VERIO","recon6","VERIO_recon6"
"222",1.340795,6.309867,4.240689,5.147037,9.899304,7.035224,2.855046,"ID_80","SKYRA","recon6","SKYRA_recon6"
"223",1.337898,6.148142,4.296319,4.988427,9.966218,7.024869,2.846511,"ID_80","VERIO","recon6","VERIO_recon6"
"224",1.35279,6.732898,4.554508,5.364684,10.211573,8.541454,3.305381,"ID_5","SKYRA","recon6","SKYRA_recon6"
"225",1.35001,6.800757,4.578558,5.447748,10.204388,8.623811,3.238451,"ID_5","VERIO","recon6","VERIO_recon6"
"226",1.491971,6.715609,4.731475,5.31257,10.384974,8.127859,2.946002,"ID_103","SKYRA","recon6","SKYRA_recon6"
"227",1.490882,6.759419,4.750916,5.371974,10.387291,8.155417,3.005931,"ID_103","VERIO","recon6","VERIO_recon6"
"228",1.300898,6.334684,4.352448,5.235366,9.848306,7.209777,2.988284,"ID_59","SKYRA","recon6","SKYRA_recon6"
"229",1.297589,6.343512,4.376239,5.257269,9.831443,7.163748,2.911129,"ID_59","VERIO","recon6","VERIO_recon6"
"230",1.491057,6.484443,4.705037,5.280614,9.754083,7.921419,3.007403,"ID_22","SKYRA","recon6","SKYRA_recon6"
"231",1.490015,6.377024,4.692935,5.17368,9.749234,7.809679,3.00854,"ID_22","VERIO","recon6","VERIO_recon6"
"232",1.534195,6.923197,4.67095,5.602528,10.272039,7.636305,2.891618,"ID_67","SKYRA","recon6","SKYRA_recon6"
"233",1.533666,6.952879,4.735843,5.646292,10.247561,7.616894,2.979471,"ID_67","VERIO","recon6","VERIO_recon6"
"234",1.411507,6.384286,4.13114,5.146482,10.536937,7.985825,3.102788,"ID_16","SKYRA","recon6","SKYRA_recon6"
"235",1.409453,6.405554,4.109784,5.139824,10.497165,8.014316,3.135737,"ID_16","VERIO","recon6","VERIO_recon6"
"236",1.63512,7.634362,5.033648,6.087965,9.561574,8.331189,3.32442,"ID_28","SKYRA","recon6","SKYRA_recon6"
"237",1.635375,7.591693,5.117956,6.052173,9.545572,8.391392,3.345762,"ID_28","VERIO","recon6","VERIO_recon6"
"238",1.368672,6.136078,4.235325,5.082513,9.87331,7.708772,2.749539,"ID_82","SKYRA","recon6","SKYRA_recon6"
"239",1.365958,6.125685,4.228729,5.071442,9.888007,7.647836,2.735025,"ID_82","VERIO","recon6","VERIO_recon6"
"240",1.543319,6.76619,5.071762,5.432217,9.783386,7.940833,3.258004,"ID_46","SKYRA","recon6","SKYRA_recon6"
"241",1.542899,6.910263,5.13387,5.540968,9.710422,8.248202,3.517008,"ID_46","VERIO","recon6","VERIO_recon6"
"242",1.493433,6.853784,4.36381,5.458933,10.103141,8.977157,3.528854,"ID_42","SKYRA","recon6","SKYRA_recon6"
"243",1.492356,6.895833,4.317932,5.508026,10.113718,8.922138,3.522464,"ID_42","VERIO","recon6","VERIO_recon6"
"244",1.445723,6.634829,4.459793,5.386616,10.209343,8.898332,3.299789,"ID_32","SKYRA","recon6","SKYRA_recon6"
"245",1.443927,6.687972,4.41292,5.438708,10.221588,8.940082,3.264087,"ID_32","VERIO","recon6","VERIO_recon6"
"246",1.457654,6.554026,4.540508,5.297667,10.255881,8.579749,3.071608,"ID_21","SKYRA","recon6","SKYRA_recon6"
"247",1.456151,6.488578,4.523113,5.221613,10.261361,8.582923,3.020921,"ID_21","VERIO","recon6","VERIO_recon6"
"248",1.458723,6.498614,4.420017,5.533378,10.151032,7.754388,3.297749,"ID_73","SKYRA","recon6","SKYRA_recon6"
"249",1.457224,6.503139,4.390784,5.550699,10.158515,7.667534,3.343169,"ID_73","VERIO","recon6","VERIO_recon6"
"250",1.598907,7.279672,5.037706,6.0889,10.686042,9.692891,3.353836,"ID_40","SKYRA","recon6","SKYRA_recon6"
"251",1.599087,7.365822,5.048609,6.168448,10.672107,9.849458,3.622609,"ID_40","VERIO","recon6","VERIO_recon6"
"252",1.431832,6.626769,4.627158,5.32022,9.935135,8.246073,2.878011,"ID_48","SKYRA","recon6","SKYRA_recon6"
"253",1.429871,6.478642,4.593631,5.188131,9.979523,8.069728,2.994635,"ID_48","VERIO","recon6","VERIO_recon6"
"254",1.746093,7.287986,5.516848,5.726367,10.663542,8.865716,3.387823,"ID_104","SKYRA","recon6","SKYRA_recon6"
"255",1.748082,7.313126,5.558685,5.740784,10.637079,8.884142,3.329242,"ID_104","VERIO","recon6","VERIO_recon6"
"256",1.493788,6.728626,4.592506,5.498859,9.945609,8.188431,3.119405,"ID_86","SKYRA","recon6","SKYRA_recon6"
"257",1.492715,6.801132,4.592981,5.551782,9.914044,8.067936,3.168905,"ID_86","VERIO","recon6","VERIO_recon6"
"258",1.425055,6.204508,5.070319,5.08118,10.151156,7.611066,2.978962,"ID_37","SKYRA","recon6","SKYRA_recon6"
"259",1.423163,6.212092,5.081579,5.082327,10.189398,7.542723,3.006797,"ID_37","VERIO","recon6","VERIO_recon6"
"260",1.389031,6.343387,4.379812,5.182022,10.305478,7.102672,2.866752,"ID_89","VERIO","recon6","VERIO_recon6"
"261",1.487919,6.695233,4.657062,5.399338,9.898522,7.784254,3.000837,"ID_77","SKYRA","recon6","SKYRA_recon6"
"262",1.486922,6.660294,4.593772,5.348163,9.907775,7.729984,3.144104,"ID_77","VERIO","recon6","VERIO_recon6"
"263",1.568426,7.410501,4.701081,5.839326,10.045196,8.538172,3.419568,"ID_17","SKYRA","recon6","SKYRA_recon6"
"264",1.567886,7.458188,4.720454,5.872348,10.01699,8.5253,3.468596,"ID_17","VERIO","recon6","VERIO_recon6"
"265",1.783539,7.448913,6.033562,6.128485,10.312311,8.608601,3.58636,"ID_44","SKYRA","recon6","SKYRA_recon6"
"266",1.785117,7.757388,6.021778,6.45545,10.155474,8.776129,3.522262,"ID_44","VERIO","recon6","VERIO_recon6"
"267",1.560521,6.97372,5.310294,5.728509,10.337125,8.242255,2.882615,"ID_18","VERIO","recon6","VERIO_recon6"
"268",1.496374,6.644467,4.791483,5.490178,10.291845,8.54376,2.775662,"ID_107","VERIO","recon6","VERIO_recon6"
"269",1.498244,6.915297,4.746201,5.483485,9.885495,8.103371,3.275543,"ID_81","SKYRA","recon6","SKYRA_recon6"
"270",1.496421,6.769331,4.663981,5.345536,9.92901,8.068357,3.264109,"ID_81","VERIO","recon6","VERIO_recon6"
"271",1.406049,6.34604,4.065322,5.080134,10.158956,8.501809,3.16345,"ID_69","SKYRA","recon6","SKYRA_recon6"
"272",1.403931,6.241964,4.07894,5.048132,10.225685,8.34034,3.222121,"ID_69","VERIO","recon6","VERIO_recon6"
"273",1.405896,6.423436,4.378989,5.123544,9.603647,7.351553,2.729713,"ID_47","SKYRA","recon6","SKYRA_recon6"
"274",1.403193,6.654354,4.414403,5.305292,9.483459,7.413789,2.711307,"ID_47","VERIO","recon6","VERIO_recon6"
"275",1.384752,6.244853,4.556342,4.953885,10.022675,7.916753,3.389632,"ID_49","SKYRA","recon6","SKYRA_recon6"
"276",1.381576,6.290256,4.583881,4.988116,9.991106,7.823098,3.460571,"ID_49","VERIO","recon6","VERIO_recon6"
"277",1.569939,7.338328,5.563347,5.956026,10.362317,8.03932,3.376159,"ID_83","SKYRA","recon6","SKYRA_recon6"
"278",1.569824,7.33145,5.572617,5.976987,10.368442,7.786306,3.231075,"ID_83","VERIO","recon6","VERIO_recon6"
"279",1.736305,7.391023,5.105675,5.888088,10.896245,8.35732,3.261462,"ID_105","SKYRA","recon6","SKYRA_recon6"
"280",1.737973,7.423121,5.118807,5.911823,10.899351,8.32531,3.168772,"ID_105","VERIO","recon6","VERIO_recon6"
"281",1.406073,6.608962,4.404226,5.264673,9.799844,7.283861,3.013184,"ID_38","SKYRA","recon6","SKYRA_recon6"
"282",1.403804,6.650276,4.447403,5.309559,9.812534,7.466807,2.920734,"ID_38","VERIO","recon6","VERIO_recon6"
"283",1.659331,7.360653,5.113578,6.003915,10.222802,8.467796,2.992063,"ID_1","SKYRA","recon6","SKYRA_recon6"
"284",1.660205,7.40633,5.116076,6.043117,10.217895,8.462567,2.965355,"ID_1","VERIO","recon6","VERIO_recon6"
"285",1.601215,7.417015,4.889178,5.961223,10.038503,8.778139,3.515726,"ID_116","SKYRA","recon6","SKYRA_recon6"
"286",1.601272,7.259352,4.919624,5.80417,10.036643,8.828444,3.404417,"ID_116","VERIO","recon6","VERIO_recon6"
"287",1.518597,7.039853,5.03953,5.80777,9.664783,8.535032,2.950171,"ID_88","SKYRA","recon6","SKYRA_recon6"
"288",1.517462,6.965679,5.063547,5.759161,9.673202,8.411368,3.026921,"ID_88","VERIO","recon6","VERIO_recon6"
"289",1.218005,5.839186,3.788935,4.690868,10.045651,7.569384,2.937954,"ID_41","SKYRA","recon6","SKYRA_recon6"
"290",1.213645,5.853083,3.825075,4.731185,10.03395,7.617084,3.02247,"ID_41","VERIO","recon6","VERIO_recon6"
"291",1.457815,6.69255,4.740873,5.424963,10.427194,7.58956,2.950563,"ID_56","SKYRA","recon6","SKYRA_recon6"
"292",1.455731,6.72575,4.748876,5.465962,10.451351,7.582106,3.018028,"ID_56","VERIO","recon6","VERIO_recon6"
"293",1.470031,6.592515,4.930134,5.291916,9.902884,7.500298,2.908134,"ID_24","SKYRA","recon6","SKYRA_recon6"
"294",1.468667,6.53852,4.826289,5.226665,9.905722,7.329179,2.961727,"ID_24","VERIO","recon6","VERIO_recon6"
"295",1.852705,8.650841,5.918001,6.940951,10.51,8.763799,3.742123,"ID_36","SKYRA","recon6","SKYRA_recon6"
"296",1.855328,8.715979,5.895204,6.987026,10.469352,8.836598,3.681406,"ID_36","VERIO","recon6","VERIO_recon6"
"297",1.686592,7.931492,5.487852,6.306634,9.841428,8.767891,3.440776,"ID_26","SKYRA","recon6","SKYRA_recon6"
"298",1.687234,8.069615,5.317474,6.42431,9.680683,8.815379,3.447037,"ID_26","VERIO","recon6","VERIO_recon6"
"299",1.67749,7.157473,5.2934,5.905234,10.442031,8.596605,3.034609,"ID_4","SKYRA","recon6","SKYRA_recon6"
"300",1.678657,7.163967,5.26698,5.910738,10.480175,8.467698,2.971738,"ID_4","VERIO","recon6","VERIO_recon6"
"301",1.609994,7.0514,4.716047,5.665766,10.758156,7.859513,3.300146,"ID_98","SKYRA","recon6","SKYRA_recon6"
"302",1.610156,7.145032,4.709129,5.712215,10.730938,8.135391,3.206133,"ID_98","VERIO","recon6","VERIO_recon6"
"303",1.671812,7.20796,5.39923,5.718757,10.573061,8.824339,3.227152,"ID_52","VERIO","recon6","VERIO_recon6"
"304",1.512485,7.063974,4.993302,5.738059,9.916987,8.423206,3.111921,"ID_117","SKYRA","recon6","SKYRA_recon6"
"305",1.511627,7.022385,5.021463,5.715264,9.904395,8.407707,3.263892,"ID_117","VERIO","recon6","VERIO_recon6"
"306",1.798801,7.856988,5.724072,6.373249,10.743066,7.874435,3.535294,"ID_58","SKYRA","recon6","SKYRA_recon6"
"307",1.801368,7.815711,5.727511,6.324556,10.729727,7.948868,3.645161,"ID_58","VERIO","recon6","VERIO_recon6"
"308",1.490967,6.801807,4.692499,5.38765,10.133972,8.143906,3.256621,"ID_53","SKYRA","recon6","SKYRA_recon6"
"309",1.48991,6.799875,4.695663,5.361522,10.067428,8.317446,3.263697,"ID_53","VERIO","recon6","VERIO_recon6"
"310",1.391931,6.393634,4.030611,5.117436,10.47089,7.696714,2.659836,"ID_72","SKYRA","recon6","SKYRA_recon6"
"311",1.389644,6.475657,4.067755,5.207429,10.447309,7.606666,2.803865,"ID_72","VERIO","recon6","VERIO_recon6"
"312",1.552532,7.576623,4.774904,6.090426,9.926739,8.919366,4.026862,"ID_3","SKYRA","recon6","SKYRA_recon6"
"313",1.551158,7.433901,4.869046,5.939139,9.938276,8.76561,4.064796,"ID_3","VERIO","recon6","VERIO_recon6"
"314",1.206783,6.039819,4.002955,4.955831,10.058549,6.965084,2.54248,"ID_121","SKYRA","recon6","SKYRA_recon6"
"315",1.202344,6.134657,4.00553,5.053658,10.037105,6.857553,2.661764,"ID_121","VERIO","recon6","VERIO_recon6"
"316",1.397464,6.474322,4.279152,5.255468,9.842615,7.468793,2.945347,"ID_57","SKYRA","recon6","SKYRA_recon6"
"317",1.393894,6.444934,4.241633,5.211852,9.83589,7.467305,2.888054,"ID_57","VERIO","recon6","VERIO_recon6"
"318",1.627503,7.366732,5.474411,6.084643,10.32549,7.740492,3.016943,"ID_68","SKYRA","recon6","SKYRA_recon6"
"319",1.627441,7.294543,5.375968,6.000211,10.292335,7.760173,3.139951,"ID_68","VERIO","recon6","VERIO_recon6"
"320",1.575467,7.449219,4.633649,6.049519,10.078454,9.109152,3.64349,"ID_120","SKYRA","recon6","SKYRA_recon6"
"321",1.574785,7.506201,4.661276,6.097342,10.070213,9.185275,3.6558,"ID_120","VERIO","recon6","VERIO_recon6"
"322",1.602513,6.975467,5.156478,5.517143,10.305902,7.720798,3.372437,"ID_25","SKYRA","recon6","SKYRA_recon6"
"323",1.601555,6.963494,5.069131,5.481325,10.290679,7.840388,3.323002,"ID_25","VERIO","recon6","VERIO_recon6"
"324",1.763334,8.085364,5.180431,6.651296,11.514746,8.494107,3.74347,"ID_8","SKYRA","recon6","SKYRA_recon6"
"325",1.764292,8.094276,5.236232,6.683233,11.513001,8.554851,3.758116,"ID_8","VERIO","recon6","VERIO_recon6"
"326",1.525425,7.137627,4.928927,5.71577,9.657358,8.956753,3.399546,"ID_19","SKYRA","recon6","SKYRA_recon6"
"327",1.524703,7.115809,4.88293,5.692838,9.688988,8.690717,3.349348,"ID_19","VERIO","recon6","VERIO_recon6"
"328",1.459547,6.473427,4.652584,5.067719,10.104385,7.360237,2.922775,"ID_92","SKYRA","recon6","SKYRA_recon6"
"329",1.458317,6.36723,4.574829,4.941613,10.091345,7.379802,2.747306,"ID_92","VERIO","recon6","VERIO_recon6"
"330",1.48127,6.591357,4.425207,5.391211,10.257134,7.894847,2.777587,"ID_15","SKYRA","recon6","SKYRA_recon6"
"331",1.480048,6.553531,4.398164,5.348021,10.240104,7.831949,2.879953,"ID_15","VERIO","recon6","VERIO_recon6"
"332",1.5766,7.124118,5.084454,5.711631,10.162852,8.676835,3.26652,"ID_78","SKYRA","recon6","SKYRA_recon6"
"333",1.575712,7.054421,4.991708,5.632485,10.177948,8.705973,3.221372,"ID_78","VERIO","recon6","VERIO_recon6"
"334",1.580338,6.834316,4.922226,5.590053,10.210045,8.294656,3.606076,"ID_90","SKYRA","recon6","SKYRA_recon6"
"335",1.580359,6.885679,4.900671,5.632466,10.167481,8.272001,3.594189,"ID_90","VERIO","recon6","VERIO_recon6"
"336",1.777492,8.020857,5.462388,6.439891,10.88872,7.375912,3.476299,"ID_51","SKYRA","recon6","SKYRA_recon6"
"337",1.778452,7.93023,5.45931,6.367238,10.893748,7.287041,3.366452,"ID_51","VERIO","recon6","VERIO_recon6"
"338",1.556269,7.453189,4.908637,6.104941,10.042286,7.960725,3.25074,"ID_66","SKYRA","recon6","SKYRA_recon6"
"339",1.55443,7.428692,4.831412,6.058386,10.043441,7.846573,3.404542,"ID_66","VERIO","recon6","VERIO_recon6"
"340",1.612534,7.268294,5.027395,5.915626,10.308389,7.842613,3.501761,"ID_101","SKYRA","recon6","SKYRA_recon6"
"341",1.612519,7.311912,5.041984,5.961693,10.2901,7.725675,3.587694,"ID_101","VERIO","recon6","VERIO_recon6"
"342",1.443501,6.713081,4.297927,5.392798,10.569152,7.578331,2.888114,"ID_108","SKYRA","recon6","SKYRA_recon6"
"343",1.441246,6.659483,4.256332,5.337629,10.565008,7.69881,3.061859,"ID_108","VERIO","recon6","VERIO_recon6"
"344",1.572482,6.945624,5.192494,5.63248,9.627214,7.453094,3.379846,"ID_39","SKYRA","recon6","SKYRA_recon6"
"345",1.571764,6.884595,5.135936,5.579606,9.676172,7.56213,3.348441,"ID_39","VERIO","recon6","VERIO_recon6"
"346",1.552843,7.28292,5.031477,5.79971,10.11386,8.63035,3.49993,"ID_99","SKYRA","recon6","SKYRA_recon6"
"347",1.551473,7.445577,5.078987,5.965947,10.085026,8.799255,3.637974,"ID_99","VERIO","recon6","VERIO_recon6"
"348",1.746486,7.93154,5.387758,6.404662,10.411554,8.547875,3.99148,"ID_23","SKYRA","recon6","SKYRA_recon6"
"349",1.747243,8.0173,5.407406,6.488519,10.420277,8.286748,3.91585,"ID_23","VERIO","recon6","VERIO_recon6"
"350",1.613312,7.358034,4.810928,5.784917,10.346212,7.537475,2.658143,"ID_91","SKYRA","recon6","SKYRA_recon6"
"351",1.613514,7.406332,4.832725,5.846348,10.348516,7.58093,2.698849,"ID_91","VERIO","recon6","VERIO_recon6"
"352",1.408025,6.36039,4.135992,5.069979,10.872678,7.860309,2.718016,"ID_65","SKYRA","recon6","SKYRA_recon6"
"353",1.404748,6.403092,4.125419,5.092908,10.883478,7.910927,2.714753,"ID_65","VERIO","recon6","VERIO_recon6"
"354",1.606595,6.851877,4.896688,5.497933,10.59547,7.810376,2.871121,"ID_6","VERIO","recon6","VERIO_recon6"
"355",1.397845,6.685987,4.534436,5.204554,10.044195,8.041783,2.970039,"ID_13","SKYRA","recon6","SKYRA_recon6"
"356",1.395046,6.648452,4.491474,5.173011,10.07661,8.000939,3.100039,"ID_13","VERIO","recon6","VERIO_recon6"
"357",1.249159,5.587446,3.801898,4.418287,10.153359,7.118778,2.419509,"ID_70","SKYRA","recon6","SKYRA_recon6"
"358",1.245171,5.425313,3.691494,4.268541,10.143904,7.055645,2.31672,"ID_70","VERIO","recon6","VERIO_recon6"
"359",1.616231,7.845826,5.246776,6.353489,9.903118,8.982398,3.760712,"ID_11","SKYRA","recon6","SKYRA_recon6"
"360",1.615436,7.834439,5.213235,6.329533,9.860596,9.093064,3.557826,"ID_11","VERIO","recon6","VERIO_recon6"
"361",1.496251,6.624253,4.452861,5.431747,10.270641,7.814217,2.865164,"ID_34","SKYRA","recon6","SKYRA_recon6"
"362",1.494206,6.626643,4.462773,5.439676,10.216137,7.813153,2.856501,"ID_34","VERIO","recon6","VERIO_recon6"
"363",1.50077,6.713754,4.847487,5.369588,10.069896,7.778862,3.108626,"ID_9","SKYRA","recon6","SKYRA_recon6"
"364",1.499844,6.716323,4.942968,5.361807,10.059019,7.956969,3.11807,"ID_9","VERIO","recon6","VERIO_recon6"
"365",1.681147,7.495265,5.136278,5.972915,10.244369,8.658087,3.422956,"ID_2","SKYRA","recon6","SKYRA_recon6"
"366",1.681504,7.675988,5.216012,6.177297,10.195446,8.539854,3.537206,"ID_2","VERIO","recon6","VERIO_recon6"
"367",1.541346,6.927831,4.934691,5.679051,9.985896,8.228402,3.147649,"ID_94","SKYRA","recon6","SKYRA_recon6"
"368",1.540257,6.885394,4.882863,5.632996,9.956887,8.063066,3.190434,"ID_94","VERIO","recon6","VERIO_recon6"
"369",1.453514,7.095578,4.839364,5.871811,10.347677,8.642039,3.703387,"ID_33","SKYRA","recon6","SKYRA_recon6"
"370",1.452274,7.083999,4.810052,5.827096,10.278371,8.695872,3.775296,"ID_33","VERIO","recon6","VERIO_recon6"
"371",1.827121,8.095708,5.810289,6.451293,10.540037,9.723534,3.212498,"ID_75","SKYRA","recon6","SKYRA_recon6"
"372",1.830021,8.034961,5.724086,6.371994,10.483257,9.84573,3.277251,"ID_75","VERIO","recon6","VERIO_recon6"
"373",1.414483,6.357642,4.59366,5.075953,10.46768,7.687725,2.900467,"ID_27","SKYRA","recon6","SKYRA_recon6"
"374",1.413027,6.253605,4.553183,4.974563,10.48717,7.682591,2.824855,"ID_27","VERIO","recon6","VERIO_recon6"
"375",1.331521,5.288581,3.975156,4.139045,11.166229,6.466444,2.778112,"ID_96","SKYRA","recon6","SKYRA_recon6"
"376",1.328695,5.337907,4.019935,4.193447,11.175735,6.565367,2.752634,"ID_96","VERIO","recon6","VERIO_recon6"
"377",1.393822,5.895956,4.240406,4.790616,10.400836,7.209956,2.71978,"ID_14","SKYRA","recon6","SKYRA_recon6"
"378",1.391737,5.882334,4.216967,4.780975,10.372161,7.356145,2.804777,"ID_14","VERIO","recon6","VERIO_recon6"
"379",1.621299,6.557916,5.025701,5.333928,10.661079,8.005767,3.091045,"ID_112","SKYRA","recon6","SKYRA_recon6"
"380",1.622059,6.563888,5.017681,5.322289,10.659068,7.981983,3.124949,"ID_112","VERIO","recon6","VERIO_recon6"
"381",1.513518,6.734924,4.769784,5.380017,10.335555,7.008903,2.943901,"ID_62","SKYRA","recon6","SKYRA_recon6"
"382",1.51327,6.705983,4.853002,5.358315,10.287966,7.090895,2.739327,"ID_62","VERIO","recon6","VERIO_recon6"
"383",1.367777,5.908079,4.09456,4.727964,10.771424,7.099671,3.229819,"ID_50","SKYRA","recon6","SKYRA_recon6"
"384",1.365383,6.059948,4.148431,4.848904,10.750784,7.274095,3.293816,"ID_50","VERIO","recon6","VERIO_recon6"
"385",1.395634,6.043732,4.817302,5.015014,10.12848,7.639918,3.311325,"ID_110","SKYRA","recon6","SKYRA_recon6"
"386",1.393489,6.225602,4.825858,5.176488,10.102909,7.493761,3.353246,"ID_110","VERIO","recon6","VERIO_recon6"
"387",1.509369,6.061865,5.117148,4.849817,10.696776,7.345677,2.568769,"ID_106","SKYRA","recon6","SKYRA_recon6"
"388",1.508144,6.066557,5.117904,4.863368,10.702021,7.431797,2.571389,"ID_106","VERIO","recon6","VERIO_recon6"
"389",1.570235,6.730086,5.617751,5.336561,10.019013,8.520582,3.530988,"ID_111","SKYRA","recon6","SKYRA_recon6"
"390",1.5706,6.730386,5.654528,5.359081,10.050635,8.594533,3.324875,"ID_111","VERIO","recon6","VERIO_recon6"
"391",1.556142,6.389485,5.034923,5.199476,10.482853,8.222716,3.139299,"ID_74","SKYRA","recon6","SKYRA_recon6"
"392",1.555474,6.405226,5.068327,5.241434,10.456423,8.125233,2.957752,"ID_74","VERIO","recon6","VERIO_recon6"
"393",1.565168,6.755574,5.135262,5.66302,9.966721,8.330379,3.355639,"ID_102","SKYRA","recon6","SKYRA_recon6"
"394",1.565059,6.727973,5.199376,5.626459,9.942062,8.235762,3.403031,"ID_102","VERIO","recon6","VERIO_recon6"
"395",1.501435,6.582366,4.933275,5.318931,10.569429,8.208422,2.930417,"ID_95","SKYRA","recon6","SKYRA_recon6"
"396",1.500075,6.431172,4.823884,5.180164,10.572081,8.058173,3.094837,"ID_95","VERIO","recon6","VERIO_recon6"
"397",1.689267,8.284733,5.136052,6.835516,10.032211,9.424867,3.171463,"ID_76","SKYRA","recon6","SKYRA_recon6"
"398",1.689558,8.356533,5.099902,6.886847,10.01521,9.273648,3.081602,"ID_76","VERIO","recon6","VERIO_recon6"
"399",1.56529,6.908191,5.361959,5.572582,9.847058,8.245587,2.976708,"ID_97","SKYRA","recon6","SKYRA_recon6"
"400",1.564678,6.924248,5.327724,5.582176,9.806366,8.12953,2.95231,"ID_97","VERIO","recon6","VERIO_recon6"
"401",1.345238,6.245107,4.053455,4.98369,10.279259,7.399676,3.044575,"ID_60","SKYRA","recon6","SKYRA_recon6"
"402",1.342062,6.225028,4.059843,4.92708,10.282313,7.548081,3.06192,"ID_60","VERIO","recon6","VERIO_recon6"
"403",1.526288,6.200253,3.982083,5.085159,11.469832,7.035186,3.199613,"ID_31","SKYRA","recon6","SKYRA_recon6"
"404",1.52521,6.213328,3.95899,5.08092,11.47266,7.063523,3.39271,"ID_31","VERIO","recon6","VERIO_recon6"
"405",1.900456,8.918475,5.813958,7.262468,10.672743,9.021575,3.550137,"ID_45","SKYRA","recon6","SKYRA_recon6"
"406",1.903044,8.79998,5.731342,7.128225,10.659277,8.991528,3.465279,"ID_45","VERIO","recon6","VERIO_recon6"
"407",1.511294,7.01736,5.039564,5.797182,9.697834,8.252147,3.094523,"ID_88","SKYRA","recon7","SKYRA_recon7"
"408",1.416096,6.202328,4.762876,5.148479,10.135664,7.675425,3.269759,"ID_110","VERIO","recon7","VERIO_recon7"
"409",1.502722,6.628564,4.838723,5.272292,10.331628,7.120955,2.988862,"ID_62","SKYRA","recon7","SKYRA_recon7"
"410",1.691536,7.684286,5.537128,6.23526,10.141929,8.891597,3.649009,"ID_87","VERIO","recon7","VERIO_recon7"
"411",1.497362,6.724974,4.527055,5.400143,9.907401,7.329286,3.060294,"ID_77","VERIO","recon7","VERIO_recon7"
"412",1.422173,6.721503,4.355428,5.398213,9.403888,7.385859,2.646265,"ID_47","VERIO","recon7","VERIO_recon7"
"413",1.354886,6.163189,4.099197,4.884106,10.289013,7.44471,2.979269,"ID_60","VERIO","recon7","VERIO_recon7"
"414",1.409769,6.33894,4.182485,5.057174,10.846466,7.667826,3.0538,"ID_65","VERIO","recon7","VERIO_recon7"
"415",1.635339,7.394543,5.093463,6.028359,10.239287,8.151295,3.052848,"ID_1","VERIO","recon7","VERIO_recon7"
"416",1.582139,7.283674,4.868406,5.840212,10.025775,8.634666,3.49171,"ID_116","SKYRA","recon7","SKYRA_recon7"
"417",1.572378,6.42554,5.00002,5.218235,10.455464,8.402252,2.953872,"ID_74","VERIO","recon7","VERIO_recon7"
"418",1.699301,7.858381,5.570082,6.239843,9.883446,8.469082,3.303832,"ID_26","SKYRA","recon7","SKYRA_recon7"
"419",1.387912,5.87413,4.270164,4.779446,10.376822,7.170527,2.709807,"ID_14","SKYRA","recon7","SKYRA_recon7"
"420",1.67878,7.226647,5.689384,5.990695,10.85096,8.318295,3.683672,"ID_52","VERIO","recon7","VERIO_recon7"
"421",1.56525,6.840304,5.322564,5.514733,9.820677,8.132243,3.028618,"ID_97","VERIO","recon7","VERIO_recon7"
"422",1.588183,6.871096,4.956407,5.617345,10.158399,8.351469,3.443306,"ID_90","VERIO","recon7","VERIO_recon7"
"423",1.570324,7.356779,4.743593,5.811889,10.045073,8.464515,3.393662,"ID_17","SKYRA","recon7","SKYRA_recon7"
"424",1.680051,7.615014,5.525592,6.153062,10.148261,8.624353,3.915544,"ID_87","SKYRA","recon7","SKYRA_recon7"
"425",1.6247,6.64104,5.02407,5.388078,10.645168,7.955958,3.200988,"ID_112","VERIO","recon7","VERIO_recon7"
"426",1.573229,7.473501,4.639308,6.082701,10.078938,9.364414,3.946181,"ID_120","SKYRA","recon7","SKYRA_recon7"
"427",1.453004,6.52512,4.403195,5.552628,10.156107,7.925887,3.140177,"ID_73","SKYRA","recon7","SKYRA_recon7"
"428",1.629851,7.644719,5.097391,6.126693,9.655458,8.373354,3.244827,"ID_28","SKYRA","recon7","SKYRA_recon7"
"429",1.413479,5.782021,4.552082,4.544613,10.28268,7.41196,2.825718,"ID_64","VERIO","recon7","VERIO_recon7"
"430",1.422752,6.588082,4.664016,5.278228,9.958333,8.345741,2.898207,"ID_48","SKYRA","recon7","SKYRA_recon7"
"431",1.73962,8.072711,5.360489,6.560648,10.42196,8.545324,3.890438,"ID_23","SKYRA","recon7","SKYRA_recon7"
"432",1.761472,8.074098,5.171392,6.657333,11.507749,8.703948,3.849977,"ID_8","VERIO","recon7","VERIO_recon7"
"433",1.525732,7.050436,5.024213,5.756474,9.884514,8.34389,3.227321,"ID_117","VERIO","recon7","VERIO_recon7"
"434",1.450682,6.539815,4.551158,5.234644,10.25285,8.552592,3.034812,"ID_21","VERIO","recon7","VERIO_recon7"
"435",1.602413,7.316129,5.040513,6.136899,10.684834,9.918628,3.571662,"ID_40","VERIO","recon7","VERIO_recon7"
"436",1.365101,6.291834,4.571956,5.005573,10.007684,7.999281,3.248534,"ID_49","SKYRA","recon7","SKYRA_recon7"
"437",1.675505,7.460772,5.466751,5.872568,10.109899,8.932349,3.36773,"ID_115","SKYRA","recon7","SKYRA_recon7"
"438",1.483626,6.413734,4.667889,5.219409,9.77831,7.775761,3.095896,"ID_22","VERIO","recon7","VERIO_recon7"
"439",1.620203,7.306481,5.086658,6.007005,10.289687,7.652737,3.283355,"ID_101","VERIO","recon7","VERIO_recon7"
"440",1.739234,7.417347,5.201071,5.898239,10.900793,8.466204,3.256659,"ID_105","SKYRA","recon7","SKYRA_recon7"
"441",1.404066,6.314353,4.562277,5.027648,10.442737,7.895898,3.033495,"ID_27","SKYRA","recon7","SKYRA_recon7"
"442",1.579991,6.80178,4.928754,5.558559,10.227516,8.309019,3.51543,"ID_90","SKYRA","recon7","SKYRA_recon7"
"443",1.402582,6.674037,4.417774,5.345099,9.776477,7.287436,2.924558,"ID_38","SKYRA","recon7","SKYRA_recon7"
"444",1.543061,7.253916,5.059677,5.765359,10.079958,8.828815,3.432493,"ID_99","SKYRA","recon7","SKYRA_recon7"
"445",1.665711,7.479039,5.532598,5.902122,10.08918,8.787169,3.564645,"ID_115","VERIO","recon7","VERIO_recon7"
"446",1.607129,7.079359,4.796567,5.705528,10.750138,7.872541,3.216168,"ID_98","SKYRA","recon7","SKYRA_recon7"
"447",1.420694,6.151145,5.088167,5.047554,10.127636,7.499822,3.038462,"ID_37","SKYRA","recon7","SKYRA_recon7"
"448",1.414193,6.328427,4.446753,5.129295,9.836651,9.010002,3.523024,"ID_63","SKYRA","recon7","SKYRA_recon7"
"449",1.792676,7.858147,5.596014,6.33857,10.712057,8.067846,3.593483,"ID_58","VERIO","recon7","VERIO_recon7"
"450",1.46707,6.487866,4.870867,5.17088,9.891336,7.515258,3.036475,"ID_24","VERIO","recon7","VERIO_recon7"
"451",1.498983,6.724362,4.686318,5.329593,10.358285,8.025929,2.942002,"ID_103","VERIO","recon7","VERIO_recon7"
"452",1.557684,6.6853,5.676929,5.284012,10.016975,8.678459,3.575475,"ID_111","SKYRA","recon7","SKYRA_recon7"
"453",1.283439,6.374985,4.313275,5.276958,9.815351,7.002904,2.914398,"ID_59","SKYRA","recon7","SKYRA_recon7"
"454",1.675314,7.282296,5.210459,5.95958,10.23163,8.25106,2.914431,"ID_1","SKYRA","recon7","SKYRA_recon7"
"455",1.459135,6.495921,4.937734,5.181877,9.879615,7.756123,2.818267,"ID_24","SKYRA","recon7","SKYRA_recon7"
"456",1.407633,6.491841,4.046785,5.242809,10.40577,7.538615,2.898555,"ID_72","VERIO","recon7","VERIO_recon7"
"457",1.376622,6.104319,4.223882,5.05116,9.903201,7.644972,2.742577,"ID_82","VERIO","recon7","VERIO_recon7"
"458",1.463006,7.011333,4.780063,5.764714,10.349087,8.865356,3.661595,"ID_33","SKYRA","recon7","SKYRA_recon7"
"459",1.835948,7.976851,5.86521,6.357919,10.53307,9.930659,3.189316,"ID_75","SKYRA","recon7","SKYRA_recon7"
"460",1.515597,6.564274,4.971486,5.30657,10.539097,8.120491,2.931692,"ID_95","SKYRA","recon7","SKYRA_recon7"
"461",1.56537,6.955132,5.347017,5.628909,9.863996,8.304495,2.92116,"ID_97","SKYRA","recon7","SKYRA_recon7"
"462",1.762619,8.044189,5.174851,6.605653,11.543146,8.734716,3.813771,"ID_8","SKYRA","recon7","SKYRA_recon7"
"463",1.56411,7.13544,4.998382,5.701435,9.705976,8.509845,3.350652,"ID_19","SKYRA","recon7","SKYRA_recon7"
"464",1.297409,5.834704,3.958516,4.695966,10.215945,7.057044,2.920882,"ID_7","SKYRA","recon7","SKYRA_recon7"
"465",1.357455,6.659094,4.280093,5.362122,10.560353,7.606751,3.050639,"ID_108","VERIO","recon7","VERIO_recon7"
"466",1.883468,8.863686,5.721555,7.203873,10.661192,9.053452,3.495054,"ID_45","VERIO","recon7","VERIO_recon7"
"467",1.497817,6.840711,4.697604,5.398836,10.087016,8.370646,3.206103,"ID_53","VERIO","recon7","VERIO_recon7"
"468",1.617676,6.918548,5.195658,5.420838,10.288704,7.984032,3.295833,"ID_25","SKYRA","recon7","SKYRA_recon7"
"469",1.645803,7.466091,5.103734,5.941019,9.602621,8.495817,3.310079,"ID_28","VERIO","recon7","VERIO_recon7"
"470",1.660455,7.457182,5.623662,6.015522,9.837163,9.226799,3.68953,"ID_20","SKYRA","recon7","SKYRA_recon7"
"471",1.476629,6.504877,4.396249,5.544013,10.14124,7.732158,3.196905,"ID_73","VERIO","recon7","VERIO_recon7"
"472",1.615789,6.898731,4.796563,5.50812,10.603969,7.555954,3.010726,"ID_6","VERIO","recon7","VERIO_recon7"
"473",1.352359,6.128651,4.336484,4.973116,9.97455,7.053963,2.739882,"ID_80","VERIO","recon7","VERIO_recon7"
"474",1.425159,7.037931,4.807664,5.804022,10.294677,8.751419,3.757178,"ID_33","VERIO","recon7","VERIO_recon7"
"475",1.430963,6.802415,4.178576,5.493392,10.583242,7.593936,2.808848,"ID_108","SKYRA","recon7","SKYRA_recon7"
"476",1.403243,5.921937,4.256505,4.801684,10.350402,7.317198,2.806392,"ID_14","VERIO","recon7","VERIO_recon7"
"477",1.349186,6.201392,4.020824,4.961137,10.280881,7.234539,3.013032,"ID_60","SKYRA","recon7","SKYRA_recon7"
"478",1.45268,6.596677,4.504104,5.378567,10.227958,8.69155,3.349928,"ID_32","VERIO","recon7","VERIO_recon7"
"479",1.486611,6.571337,4.414008,5.369725,10.205742,7.981826,2.871919,"ID_15","VERIO","recon7","VERIO_recon7"
"480",1.548636,7.361592,4.884618,5.999378,10.021391,7.938837,3.41674,"ID_66","VERIO","recon7","VERIO_recon7"
"481",1.444112,6.482966,4.609518,5.186805,10.004703,8.373138,3.006562,"ID_48","VERIO","recon7","VERIO_recon7"
"482",1.459014,6.348646,4.760232,5.231663,10.258444,8.09217,3.38027,"ID_118","VERIO","recon7","VERIO_recon7"
"483",1.672758,7.104868,5.32346,5.844444,10.422358,8.712547,3.091845,"ID_4","SKYRA","recon7","SKYRA_recon7"
"484",1.455355,6.453911,4.220875,5.336512,10.353238,8.147876,2.96099,"ID_79","VERIO","recon7","VERIO_recon7"
"485",1.688936,8.236536,5.069122,6.768161,10.023561,8.838509,3.060275,"ID_76","VERIO","recon7","VERIO_recon7"
"486",1.339991,6.293919,4.185596,5.135929,9.913722,7.116574,2.762185,"ID_80","SKYRA","recon7","SKYRA_recon7"
"487",1.582074,7.383109,4.968834,6.206574,10.705384,9.615037,3.356607,"ID_40","SKYRA","recon7","SKYRA_recon7"
"488",1.464554,7.424308,4.75563,5.866867,10.035539,8.448102,3.549011,"ID_17","VERIO","recon7","VERIO_recon7"
"489",1.217694,5.780051,4.119938,4.717328,10.012367,7.271858,2.743701,"ID_12","VERIO","recon7","VERIO_recon7"
"490",1.45963,7.631584,4.802755,6.152842,9.968101,8.999509,3.885884,"ID_3","SKYRA","recon7","SKYRA_recon7"
"491",1.485637,6.603494,4.587249,5.401383,9.785696,7.712193,2.932578,"ID_22","SKYRA","recon7","SKYRA_recon7"
"492",1.681939,7.597853,5.14578,6.064196,10.256067,8.685966,3.528024,"ID_2","SKYRA","recon7","SKYRA_recon7"
"493",1.610997,7.344611,4.81033,5.765601,10.355833,7.667708,2.775173,"ID_91","SKYRA","recon7","SKYRA_recon7"
"494",1.495624,6.41482,4.868477,5.150776,10.526167,8.03508,3.033744,"ID_95","VERIO","recon7","VERIO_recon7"
"495",1.441818,6.416822,4.316375,5.29919,10.336753,8.124853,3.022533,"ID_79","SKYRA","recon7","SKYRA_recon7"
"496",1.515655,6.829761,4.886093,5.593946,9.953754,8.149668,3.152611,"ID_94","VERIO","recon7","VERIO_recon7"
"497",1.451273,6.008313,4.823027,4.966706,10.137759,7.510921,3.331142,"ID_110","SKYRA","recon7","SKYRA_recon7"
"498",1.432561,6.128517,5.110613,5.002495,10.169012,7.640127,3.108126,"ID_37","VERIO","recon7","VERIO_recon7"
"499",1.613084,6.666022,5.009457,5.412907,10.655584,8.015605,3.317925,"ID_112","SKYRA","recon7","SKYRA_recon7"
"500",1.504128,7.11713,4.901996,5.667349,9.779862,8.485105,3.351733,"ID_19","VERIO","recon7","VERIO_recon7"
"501",1.445212,6.655408,4.464461,5.411049,10.216857,8.911498,3.287602,"ID_32","SKYRA","recon7","SKYRA_recon7"
"502",1.44574,6.586016,4.806962,5.363966,10.416847,7.717934,2.962549,"ID_56","SKYRA","recon7","SKYRA_recon7"
"503",1.57782,6.730611,5.167831,5.606576,9.951861,8.236258,3.474722,"ID_102","VERIO","recon7","VERIO_recon7"
"504",1.24088,5.778763,4.098448,4.706193,10.047552,7.609113,2.749509,"ID_12","SKYRA","recon7","SKYRA_recon7"
"505",1.413119,6.337556,4.513301,5.073084,10.471973,7.830814,2.853104,"ID_27","VERIO","recon7","VERIO_recon7"
"506",1.487588,6.815256,4.305845,5.439574,10.11187,8.781754,3.287457,"ID_42","VERIO","recon7","VERIO_recon7"
"507",1.487607,6.775553,4.640694,5.336562,10.383305,7.997134,2.986265,"ID_103","SKYRA","recon7","SKYRA_recon7"
"508",1.526945,7.05843,4.613417,5.748535,10.263775,7.698426,2.802382,"ID_67","SKYRA","recon7","SKYRA_recon7"
"509",1.399389,6.619223,4.553978,5.187702,10.025604,7.850583,2.886525,"ID_13","SKYRA","recon7","SKYRA_recon7"
"510",1.397492,6.464708,4.230046,5.201839,9.860461,7.512896,2.970914,"ID_57","VERIO","recon7","VERIO_recon7"
"511",1.490893,6.910669,5.045488,5.704992,9.724939,8.455801,2.998359,"ID_88","VERIO","recon7","VERIO_recon7"
"512",1.781313,7.775273,6.033776,6.453155,10.172327,8.950869,3.852607,"ID_44","VERIO","recon7","VERIO_recon7"
"513",1.41987,6.412128,4.15528,5.161688,10.539656,8.051718,3.089971,"ID_16","SKYRA","recon7","SKYRA_recon7"
"514",1.471607,6.48835,4.662139,5.063361,10.128494,7.396824,2.990304,"ID_92","SKYRA","recon7","SKYRA_recon7"
"515",1.575531,7.189852,5.08692,5.757907,10.150755,8.665408,3.337321,"ID_78","SKYRA","recon7","SKYRA_recon7"
"516",1.603839,7.149852,5.086639,5.860754,10.306878,7.777644,3.482173,"ID_101","SKYRA","recon7","SKYRA_recon7"
"517",1.393634,6.299737,4.166907,5.017288,10.831642,7.916406,3.11275,"ID_65","SKYRA","recon7","SKYRA_recon7"
"518",1.560976,6.875902,5.03488,5.760145,9.972262,8.123844,3.344048,"ID_102","SKYRA","recon7","SKYRA_recon7"
"519",1.414167,6.307202,4.096662,5.112862,10.216281,8.427603,3.178101,"ID_69","VERIO","recon7","VERIO_recon7"
"520",1.574351,7.122606,5.020096,5.685665,10.155361,8.70764,3.271012,"ID_78","VERIO","recon7","VERIO_recon7"
"521",1.494679,6.785378,4.617145,5.476973,9.90107,7.479166,2.849277,"ID_77","SKYRA","recon7","SKYRA_recon7"
"522",1.531451,6.162139,5.099631,4.895205,10.664929,7.390532,2.639823,"ID_106","SKYRA","recon7","SKYRA_recon7"
"523",1.581857,7.033317,5.305235,5.791694,10.334233,8.105387,2.869562,"ID_18","VERIO","recon7","VERIO_recon7"
"524",1.69147,7.63088,5.15824,6.149932,10.221167,8.459279,3.773051,"ID_2","VERIO","recon7","VERIO_recon7"
"525",1.579098,6.714638,5.620775,5.331732,10.064955,8.424546,3.467706,"ID_111","VERIO","recon7","VERIO_recon7"
"526",1.419193,6.383891,4.418435,5.172329,9.824525,9.272565,3.64349,"ID_63","VERIO","recon7","VERIO_recon7"
"527",1.736667,7.482762,5.15775,5.944812,10.886211,8.502879,3.08858,"ID_105","VERIO","recon7","VERIO_recon7"
"528",1.490207,6.689345,4.846551,5.316469,10.08287,8.066884,2.980874,"ID_9","SKYRA","recon7","SKYRA_recon7"
"529",1.34347,5.410771,4.005225,4.244155,11.14471,6.61479,2.71878,"ID_96","VERIO","recon7","VERIO_recon7"
"530",1.570043,7.088406,5.15426,5.695294,9.660712,7.573193,3.410431,"ID_39","SKYRA","recon7","SKYRA_recon7"
"531",1.613458,7.209812,5.380095,5.923323,10.25785,7.749229,2.988488,"ID_68","VERIO","recon7","VERIO_recon7"
"532",1.546498,6.41176,4.961535,5.19061,10.471542,8.368281,3.298608,"ID_74","SKYRA","recon7","SKYRA_recon7"
"533",1.515591,6.661554,4.856266,5.322768,10.286293,7.088391,2.800281,"ID_62","VERIO","recon7","VERIO_recon7"
"534",1.51157,6.617963,4.787723,5.460003,10.282293,8.459825,2.785527,"ID_107","VERIO","recon7","VERIO_recon7"
"535",1.503889,6.924742,4.77499,5.503699,9.88531,8.153883,3.245504,"ID_81","SKYRA","recon7","SKYRA_recon7"
"536",1.35227,6.135059,4.279633,5.101692,9.88583,7.439526,2.65728,"ID_82","SKYRA","recon7","SKYRA_recon7"
"537",1.555052,6.872821,4.943536,5.65462,9.982468,8.263691,3.038665,"ID_94","SKYRA","recon7","SKYRA_recon7"
"538",1.812617,7.984591,5.727864,6.352306,10.457813,9.606299,3.130806,"ID_75","VERIO","recon7","VERIO_recon7"
"539",1.545519,6.946075,4.748736,5.645963,10.224055,7.716926,2.924653,"ID_67","VERIO","recon7","VERIO_recon7"
"540",1.521578,6.167415,5.196112,4.918612,10.658381,7.515165,2.703512,"ID_106","VERIO","recon7","VERIO_recon7"
"541",1.25549,5.564883,3.835677,4.39716,10.142172,7.030901,2.385461,"ID_70","SKYRA","recon7","SKYRA_recon7"
"542",1.652453,7.583829,5.513027,6.128969,9.841981,9.166602,3.774653,"ID_20","VERIO","recon7","VERIO_recon7"
"543",1.538182,6.750856,5.070918,5.44427,9.773811,7.913585,3.127229,"ID_46","SKYRA","recon7","SKYRA_recon7"
"544",1.455835,6.380845,4.761905,5.240197,10.333843,8.386645,3.364023,"ID_118","SKYRA","recon7","SKYRA_recon7"
"545",1.227841,5.844485,3.800326,4.736681,10.014972,7.686891,2.834207,"ID_41","VERIO","recon7","VERIO_recon7"
"546",1.287914,5.744173,3.784648,4.633342,10.033229,7.542798,2.815806,"ID_41","SKYRA","recon7","SKYRA_recon7"
"547",1.609012,6.917332,5.119975,5.413131,10.28145,7.863435,3.147246,"ID_25","VERIO","recon7","VERIO_recon7"
"548",1.34851,5.993697,4.014424,4.779568,10.769496,7.362782,3.196681,"ID_50","SKYRA","recon7","SKYRA_recon7"
"549",1.405069,5.857136,4.597795,4.641987,10.249234,7.469115,2.930296,"ID_64","SKYRA","recon7","SKYRA_recon7"
"550",1.39815,6.386399,4.402978,5.12003,9.586237,7.029203,2.639354,"ID_47","SKYRA","recon7","SKYRA_recon7"
"551",1.838066,8.630349,5.963221,6.866163,10.532884,8.873447,3.756763,"ID_36","SKYRA","recon7","SKYRA_recon7"
"552",1.631573,7.792793,5.163418,6.293514,9.889897,9.198707,3.788705,"ID_11","SKYRA","recon7","SKYRA_recon7"
"553",1.416259,6.613064,4.472772,5.301829,9.785797,7.303368,2.970608,"ID_38","VERIO","recon7","VERIO_recon7"
"554",1.560651,7.225413,5.593647,5.847268,10.377572,8.302322,3.368488,"ID_83","SKYRA","recon7","SKYRA_recon7"
"555",1.222141,6.023836,3.984557,4.919644,10.050731,6.846659,2.488476,"ID_121","SKYRA","recon7","SKYRA_recon7"
"556",1.495871,6.808106,4.659075,5.38265,10.128016,8.223812,3.262348,"ID_53","SKYRA","recon7","SKYRA_recon7"
"557",1.054381,5.986134,3.928715,4.915637,10.03041,6.775184,2.451032,"ID_121","VERIO","recon7","VERIO_recon7"
"558",1.462837,6.462816,4.529666,5.001696,10.116891,7.452768,2.799404,"ID_92","VERIO","recon7","VERIO_recon7"
"559",1.570446,6.814513,5.156508,5.488612,9.723925,8.03838,3.305643,"ID_46","VERIO","recon7","VERIO_recon7"
"560",1.560412,7.38506,4.72847,5.873605,9.949515,8.985819,4.057682,"ID_3","VERIO","recon7","VERIO_recon7"
"561",1.572351,7.009757,5.11945,5.618174,9.693022,7.977725,3.363413,"ID_39","VERIO","recon7","VERIO_recon7"
"562",1.73428,7.922112,5.448297,6.417373,10.418135,8.690927,4.073965,"ID_23","VERIO","recon7","VERIO_recon7"
"563",1.407703,6.403526,4.081445,5.142718,10.481503,7.820624,2.90884,"ID_16","VERIO","recon7","VERIO_recon7"
"564",1.491784,6.775174,4.419959,5.405124,10.101905,8.921097,3.461278,"ID_42","SKYRA","recon7","SKYRA_recon7"
"565",1.469354,6.684613,4.750331,5.435104,10.44449,7.829545,3.041145,"ID_56","VERIO","recon7","VERIO_recon7"
"566",1.467691,6.613446,4.537323,5.31524,10.243342,8.635149,3.032402,"ID_21","SKYRA","recon7","SKYRA_recon7"
"567",1.577528,7.455594,4.719036,6.084818,10.076343,9.269813,3.66766,"ID_120","VERIO","recon7","VERIO_recon7"
"568",1.410899,6.347591,4.429335,5.182812,10.301376,7.110517,2.856964,"ID_89","VERIO","recon7","VERIO_recon7"
"569",1.757822,7.34896,5.564922,5.754828,10.657649,8.835179,3.602947,"ID_104","SKYRA","recon7","SKYRA_recon7"
"570",1.601692,7.137154,4.812306,5.724015,10.700523,8.057102,3.299733,"ID_98","VERIO","recon7","VERIO_recon7"
"571",1.495643,6.771166,4.558521,5.522855,9.912945,7.822145,3.073139,"ID_86","VERIO","recon7","VERIO_recon7"
"572",1.486452,6.531116,4.447601,5.356419,10.232636,7.776654,2.990625,"ID_15","SKYRA","recon7","SKYRA_recon7"
"573",1.845628,8.787598,5.964492,6.979321,10.471078,9.108516,3.630563,"ID_36","VERIO","recon7","VERIO_recon7"
"574",1.48709,6.821975,4.666364,5.408262,9.941727,8.257871,3.062232,"ID_81","VERIO","recon7","VERIO_recon7"
"575",1.596239,7.256864,4.944741,5.804803,10.0312,8.673301,3.335336,"ID_116","VERIO","recon7","VERIO_recon7"
"576",1.573507,7.506917,4.88028,6.148796,10.021423,7.741306,3.375797,"ID_66","SKYRA","recon7","SKYRA_recon7"
"577",1.492005,6.613435,4.494013,5.426482,10.229421,7.804842,3.011936,"ID_34","VERIO","recon7","VERIO_recon7"
"578",1.292066,6.404232,4.362362,5.327253,9.827195,7.139126,2.956739,"ID_59","VERIO","recon7","VERIO_recon7"
"579",1.771592,7.869325,5.464775,6.320513,10.898779,7.589743,3.345808,"ID_51","SKYRA","recon7","SKYRA_recon7"
"580",1.366179,6.859855,4.530027,5.470727,10.189031,8.67064,3.113417,"ID_5","VERIO","recon7","VERIO_recon7"
"581",1.525388,6.206507,3.996055,5.072898,11.450136,7.085855,3.264209,"ID_31","VERIO","recon7","VERIO_recon7"
"582",1.632365,7.378045,5.454876,6.07255,10.292899,7.79877,2.923251,"ID_68","SKYRA","recon7","SKYRA_recon7"
"583",1.773042,7.933904,5.422352,6.378746,10.88202,7.576008,3.301886,"ID_51","VERIO","recon7","VERIO_recon7"
"584",1.370754,6.039791,4.079829,4.800509,10.741878,7.445513,3.330879,"ID_50","VERIO","recon7","VERIO_recon7"
"585",1.533637,6.200851,4.042988,5.082397,11.47804,7.127308,3.219656,"ID_31","SKYRA","recon7","SKYRA_recon7"
"586",1.383038,6.560143,4.225172,5.319062,9.843614,7.239238,2.987172,"ID_57","SKYRA","recon7","SKYRA_recon7"
"587",1.392318,6.371481,4.544903,5.044606,9.977578,7.805726,3.416235,"ID_49","VERIO","recon7","VERIO_recon7"
"588",1.783304,7.952233,5.562289,6.448667,10.733861,8.110713,3.402103,"ID_58","SKYRA","recon7","SKYRA_recon7"
"589",1.442637,6.73271,4.551568,5.343093,10.198375,8.521473,3.22523,"ID_5","SKYRA","recon7","SKYRA_recon7"
"590",1.569046,7.303264,5.583517,5.933454,10.373475,7.872877,3.232299,"ID_83","VERIO","recon7","VERIO_recon7"
"591",1.478793,6.586258,4.537499,5.421882,10.279254,7.679535,2.810618,"ID_34","SKYRA","recon7","SKYRA_recon7"
"592",1.510143,6.68297,4.999897,5.320834,10.087567,7.954737,2.982496,"ID_9","VERIO","recon7","VERIO_recon7"
"593",1.376917,6.341429,4.108834,5.10388,10.433028,7.488194,2.707003,"ID_72","SKYRA","recon7","SKYRA_recon7"
"594",1.910774,9.001508,5.748826,7.317938,10.705025,8.822811,3.655156,"ID_45","SKYRA","recon7","SKYRA_recon7"
"595",1.39389,6.40554,4.038591,5.139452,10.157506,8.300365,3.268462,"ID_69","SKYRA","recon7","SKYRA_recon7"
"596",1.78749,7.368273,6.14802,6.055127,10.317702,8.573968,3.684939,"ID_44","SKYRA","recon7","SKYRA_recon7"
"597",1.319316,5.384072,3.97288,4.222041,11.155723,6.667726,2.727222,"ID_96","SKYRA","recon7","SKYRA_recon7"
"598",1.557627,7.372996,4.840223,5.845575,10.355849,7.563135,2.607902,"ID_91","VERIO","recon7","VERIO_recon7"
"599",1.307307,5.930961,3.895158,4.781275,10.226068,6.981988,3.07811,"ID_7","VERIO","recon7","VERIO_recon7"
"600",1.402249,6.632058,4.469138,5.177996,10.053532,7.997495,2.974247,"ID_13","VERIO","recon7","VERIO_recon7"
"601",1.54836,7.421578,5.111397,5.921427,10.079171,8.901796,3.593356,"ID_99","VERIO","recon7","VERIO_recon7"
"602",1.681282,7.156468,5.350815,5.897636,10.456577,8.645051,2.998378,"ID_4","VERIO","recon7","VERIO_recon7"
"603",1.617675,7.868147,5.15106,6.381609,9.864735,9.173678,3.7255,"ID_11","VERIO","recon7","VERIO_recon7"
"604",1.678775,8.209625,5.085515,6.750488,10.023888,9.509259,3.116308,"ID_76","SKYRA","recon7","SKYRA_recon7"
"605",1.234825,5.523147,3.681242,4.353934,10.131458,6.882401,2.314323,"ID_70","VERIO","recon7","VERIO_recon7"
"606",1.665497,8.066528,5.272551,6.415508,9.735795,8.927164,3.43664,"ID_26","VERIO","recon7","VERIO_recon7"
"607",1.747626,7.431119,5.667242,5.833921,10.620369,9.028497,3.503722,"ID_104","VERIO","recon7","VERIO_recon7"
"608",1.470122,6.823655,4.635553,5.61259,9.926884,7.803351,3.054713,"ID_86","SKYRA","recon7","SKYRA_recon7"
"609",1.514632,7.053472,4.961379,5.735379,9.911929,8.488574,3.364669,"ID_117","SKYRA","recon7","SKYRA_recon7"
"610",1.294528,5.766687,4.134995,4.579009,10.01852,7.370374,2.629737,"ID_12","SKYRA","cat","SKYRA_cat"
"611",1.288322,5.735885,4.134339,4.552482,9.999995,7.361428,2.642435,"ID_12","VERIO","cat","VERIO_cat"
"612",1.402827,5.684524,4.510245,4.834525,10.232983,7.51601,2.940072,"ID_64","SKYRA","cat","SKYRA_cat"
"613",1.398334,5.570275,4.477353,4.808167,10.271111,7.545384,2.827251,"ID_64","VERIO","cat","VERIO_cat"
"614",1.693737,7.599881,5.533503,6.219418,9.995696,8.955066,3.396885,"ID_20","SKYRA","cat","SKYRA_cat"
"615",1.695905,7.561518,5.529671,6.21624,9.973399,8.935993,3.481671,"ID_20","VERIO","cat","VERIO_cat"
"616",1.419995,6.360204,4.438948,5.103946,9.8325,8.982247,3.434378,"ID_63","SKYRA","cat","SKYRA_cat"
"617",1.419378,6.428798,4.440994,5.121131,9.827473,9.05933,3.524513,"ID_63","VERIO","cat","VERIO_cat"
"618",1.674635,7.627893,5.522838,6.086467,10.210482,8.893681,3.350878,"ID_87","SKYRA","cat","SKYRA_cat"
"619",1.680357,7.637091,5.563591,6.117004,10.208142,8.827035,3.453013,"ID_87","VERIO","cat","VERIO_cat"
"620",1.475683,6.384061,4.759983,5.370317,10.292451,8.221184,3.341199,"ID_118","SKYRA","cat","SKYRA_cat"
"621",1.470554,6.387195,4.754169,5.345655,10.246365,8.215176,3.339738,"ID_118","VERIO","cat","VERIO_cat"
"622",1.677599,7.420575,5.611044,6.031267,10.192309,8.801904,3.497072,"ID_115","SKYRA","cat","SKYRA_cat"
"623",1.683822,7.41069,5.61349,6.045848,10.174955,8.84277,3.49258,"ID_115","VERIO","cat","VERIO_cat"
"624",1.436746,6.511059,4.248997,5.348318,10.342317,8.096224,3.133476,"ID_79","SKYRA","cat","SKYRA_cat"
"625",1.430145,6.489044,4.201437,5.332523,10.355923,7.99614,3.087386,"ID_79","VERIO","cat","VERIO_cat"
"626",1.314939,5.880949,3.875879,4.770476,10.172481,7.103223,2.81028,"ID_7","SKYRA","cat","SKYRA_cat"
"627",1.306919,5.904196,3.823056,4.764704,10.169305,7.096718,2.833564,"ID_7","VERIO","cat","VERIO_cat"
"628",1.335069,6.29471,4.188209,4.860153,9.916223,7.051955,2.754198,"ID_80","SKYRA","cat","SKYRA_cat"
"629",1.324901,6.097777,4.247795,4.811035,9.956028,7.021861,2.808206,"ID_80","VERIO","cat","VERIO_cat"
"630",1.457339,6.695675,4.612408,5.258056,10.230222,8.262086,2.868644,"ID_5","SKYRA","cat","SKYRA_cat"
"631",1.465805,6.729579,4.598212,5.293754,10.227557,8.352184,3.161407,"ID_5","VERIO","cat","VERIO_cat"
"632",1.515298,6.624422,4.738807,5.411598,10.385823,8.041136,2.921464,"ID_103","SKYRA","cat","SKYRA_cat"
"633",1.516583,6.661935,4.747657,5.427741,10.394103,8.167536,3.067393,"ID_103","VERIO","cat","VERIO_cat"
"634",1.357173,6.290264,4.396945,4.938934,9.899776,7.162938,2.910211,"ID_59","SKYRA","cat","SKYRA_cat"
"635",1.367458,6.326324,4.447884,4.998566,9.907181,7.182453,2.9286,"ID_59","VERIO","cat","VERIO_cat"
"636",1.400849,6.590927,4.626803,5.080963,9.805789,7.813691,3.038672,"ID_22","SKYRA","cat","SKYRA_cat"
"637",1.390906,6.483439,4.630675,5.042377,9.805639,7.655607,3.0629,"ID_22","VERIO","cat","VERIO_cat"
"638",1.50371,6.99304,4.606402,5.568126,10.25983,7.665019,3.113271,"ID_67","SKYRA","cat","SKYRA_cat"
"639",1.507365,7.036841,4.62206,5.586708,10.2351,7.645755,3.054964,"ID_67","VERIO","cat","VERIO_cat"
"640",1.431182,6.396349,4.092019,5.144091,10.545477,7.83392,2.885344,"ID_16","SKYRA","cat","SKYRA_cat"
"641",1.414119,6.385494,4.059479,5.081382,10.499625,7.709397,2.933349,"ID_16","VERIO","cat","VERIO_cat"
"642",1.630781,7.698756,5.097305,6.130237,9.775769,8.575126,3.476421,"ID_28","SKYRA","cat","SKYRA_cat"
"643",1.61943,7.577946,5.118557,6.069218,9.781443,8.620814,3.543979,"ID_28","VERIO","cat","VERIO_cat"
"644",1.333915,6.166387,4.195779,4.94698,9.847761,7.272588,2.749266,"ID_82","SKYRA","cat","SKYRA_cat"
"645",1.335306,6.106387,4.140745,4.963449,9.854247,7.262651,2.765804,"ID_82","VERIO","cat","VERIO_cat"
"646",1.531889,6.78059,5.085781,5.467145,9.863825,8.178051,3.429425,"ID_46","SKYRA","cat","SKYRA_cat"
"647",1.525443,6.95637,5.159384,5.48331,9.796782,8.293337,3.445962,"ID_46","VERIO","cat","VERIO_cat"
"648",1.442058,6.93565,4.30083,5.417247,10.125241,8.653623,3.32414,"ID_42","SKYRA","cat","SKYRA_cat"
"649",1.440284,6.912944,4.268959,5.412078,10.144378,8.547649,3.337777,"ID_42","VERIO","cat","VERIO_cat"
"650",1.435063,6.634873,4.424068,5.324643,10.180817,8.206154,3.10451,"ID_32","SKYRA","cat","SKYRA_cat"
"651",1.436038,6.658109,4.408097,5.341767,10.188274,8.172146,3.083547,"ID_32","VERIO","cat","VERIO_cat"
"652",1.492895,6.434924,4.626324,5.304699,10.25558,8.23168,3.182401,"ID_21","SKYRA","cat","SKYRA_cat"
"653",1.487965,6.406779,4.621993,5.273451,10.254971,8.231274,3.180585,"ID_21","VERIO","cat","VERIO_cat"
"654",1.445966,6.619722,4.318695,5.45744,10.089318,7.952818,3.141687,"ID_73","SKYRA","cat","SKYRA_cat"
"655",1.449061,6.624958,4.355278,5.490268,10.063229,7.931093,3.234372,"ID_73","VERIO","cat","VERIO_cat"
"656",1.629135,7.552198,4.970926,6.045221,10.708078,9.39861,3.543463,"ID_40","SKYRA","cat","SKYRA_cat"
"657",1.624738,7.506302,4.998345,6.030198,10.680793,9.325917,3.488865,"ID_40","VERIO","cat","VERIO_cat"
"658",1.456679,6.493429,4.663711,5.29895,10.036854,8.069627,3.101228,"ID_48","SKYRA","cat","SKYRA_cat"
"659",1.456519,6.382621,4.646137,5.296654,10.062818,8.220761,3.034405,"ID_48","VERIO","cat","VERIO_cat"
"660",1.756254,7.129694,5.561566,6.318982,10.718999,9.023384,3.511619,"ID_104","SKYRA","cat","SKYRA_cat"
"661",1.766198,7.181194,5.625749,6.332435,10.682027,9.063864,3.510363,"ID_104","VERIO","cat","VERIO_cat"
"662",1.459382,6.851125,4.616723,5.391681,9.974996,7.949843,3.168973,"ID_86","SKYRA","cat","SKYRA_cat"
"663",1.454777,6.784209,4.593338,5.356602,9.954074,7.787462,3.093442,"ID_86","VERIO","cat","VERIO_cat"
"664",1.400115,6.131425,4.986434,4.986446,10.152463,7.384976,3.127197,"ID_37","SKYRA","cat","SKYRA_cat"
"665",1.400513,6.111313,4.996472,4.982381,10.183253,7.335962,3.118318,"ID_37","VERIO","cat","VERIO_cat"
"666",1.430353,6.408849,4.332328,5.204887,10.277227,7.286395,2.955918,"ID_89","VERIO","cat","VERIO_cat"
"667",1.482192,6.799464,4.618915,5.396222,9.939484,8.203999,3.139015,"ID_77","SKYRA","cat","SKYRA_cat"
"668",1.465171,6.686187,4.595322,5.327783,9.940168,8.064791,3.024167,"ID_77","VERIO","cat","VERIO_cat"
"669",1.534482,7.40301,4.700546,5.651004,10.118211,8.341002,3.23621,"ID_17","SKYRA","cat","SKYRA_cat"
"670",1.537694,7.509238,4.73771,5.666217,10.085403,8.373951,3.261643,"ID_17","VERIO","cat","VERIO_cat"
"671",1.823314,7.430487,6.115453,6.714611,10.355751,8.771321,3.482231,"ID_44","SKYRA","cat","SKYRA_cat"
"672",1.818838,7.773944,6.060838,6.739267,10.223572,8.797278,3.552412,"ID_44","VERIO","cat","VERIO_cat"
"673",1.608419,7.027098,5.271506,5.924612,10.35935,8.433389,3.225505,"ID_18","VERIO","cat","VERIO_cat"
"674",1.467283,6.605083,4.659632,5.464369,10.280475,8.107878,3.021762,"ID_107","VERIO","cat","VERIO_cat"
"675",1.463997,6.974482,4.787723,5.352712,9.957861,7.964523,3.10043,"ID_81","SKYRA","cat","SKYRA_cat"
"676",1.44944,6.850486,4.712003,5.290418,9.966929,7.997031,3.051837,"ID_81","VERIO","cat","VERIO_cat"
"677",1.389023,6.410531,4.09525,4.992649,10.164437,7.985737,3.19732,"ID_69","SKYRA","cat","SKYRA_cat"
"678",1.395424,6.350019,4.086261,5.038515,10.217482,7.8534,3.179058,"ID_69","VERIO","cat","VERIO_cat"
"679",1.339777,6.453796,4.36396,4.939304,9.639151,7.132138,2.763049,"ID_47","SKYRA","cat","SKYRA_cat"
"680",1.339788,6.738738,4.377652,4.934853,9.564548,7.172399,2.895801,"ID_47","VERIO","cat","VERIO_cat"
"681",1.383619,6.284471,4.610021,4.916607,10.022602,7.807284,3.246347,"ID_49","SKYRA","cat","SKYRA_cat"
"682",1.381853,6.307353,4.607029,4.912139,9.990552,7.683038,3.25634,"ID_49","VERIO","cat","VERIO_cat"
"683",1.710978,7.464817,5.523195,6.162831,10.421994,8.082551,3.390667,"ID_83","SKYRA","cat","SKYRA_cat"
"684",1.711229,7.478425,5.517622,6.178174,10.417425,8.19266,3.186255,"ID_83","VERIO","cat","VERIO_cat"
"685",1.72855,7.255769,5.096287,6.176457,10.860972,8.660629,3.153746,"ID_105","SKYRA","cat","SKYRA_cat"
"686",1.730368,7.350796,5.1004,6.188988,10.845877,8.573949,3.326051,"ID_105","VERIO","cat","VERIO_cat"
"687",1.409587,6.650473,4.425268,5.099936,9.808345,7.341014,2.915027,"ID_38","SKYRA","cat","SKYRA_cat"
"688",1.420636,6.660443,4.395361,5.130457,9.812039,7.267198,2.901936,"ID_38","VERIO","cat","VERIO_cat"
"689",1.619261,7.443266,5.11348,5.973657,10.28958,8.145946,2.888039,"ID_1","SKYRA","cat","SKYRA_cat"
"690",1.63192,7.450832,5.101824,6.01183,10.293195,7.976259,2.946068,"ID_1","VERIO","cat","VERIO_cat"
"691",1.566845,7.322615,4.940925,5.738939,10.075802,8.577021,3.462439,"ID_116","SKYRA","cat","SKYRA_cat"
"692",1.569154,7.269858,4.975668,5.744292,10.084581,8.688718,3.406937,"ID_116","VERIO","cat","VERIO_cat"
"693",1.503539,7.036731,5.065734,5.522055,9.772895,8.414742,3.081042,"ID_88","SKYRA","cat","SKYRA_cat"
"694",1.503514,7.032012,5.041769,5.546736,9.790951,8.535278,3.073927,"ID_88","VERIO","cat","VERIO_cat"
"695",1.245281,5.778856,3.749355,4.509715,9.942298,7.142069,2.721225,"ID_41","SKYRA","cat","SKYRA_cat"
"696",1.254994,5.892118,3.795405,4.546563,9.93013,7.123638,2.75769,"ID_41","VERIO","cat","VERIO_cat"
"697",1.482775,6.624361,4.731179,5.439319,10.394801,7.907597,3.024446,"ID_56","SKYRA","cat","SKYRA_cat"
"698",1.483259,6.644917,4.767769,5.449579,10.415825,7.914179,3.145936,"ID_56","VERIO","cat","VERIO_cat"
"699",1.46004,6.551931,4.89694,5.210005,9.986324,7.651353,2.992338,"ID_24","SKYRA","cat","SKYRA_cat"
"700",1.483178,6.516388,4.854583,5.255623,9.987261,7.555168,2.967297,"ID_24","VERIO","cat","VERIO_cat"
"701",1.948317,8.739399,5.972689,7.206234,10.529187,9.484216,3.931132,"ID_36","SKYRA","cat","SKYRA_cat"
"702",1.947747,8.87365,5.973143,7.219358,10.472381,9.425674,3.954944,"ID_36","VERIO","cat","VERIO_cat"
"703",1.710289,7.917494,5.493864,6.344864,10.001867,8.721878,3.39282,"ID_26","SKYRA","cat","SKYRA_cat"
"704",1.693262,8.134287,5.283836,6.300717,9.862882,8.823567,3.431477,"ID_26","VERIO","cat","VERIO_cat"
"705",1.594321,7.17153,5.269982,5.89518,10.419187,8.389546,3.148963,"ID_4","SKYRA","cat","SKYRA_cat"
"706",1.599712,7.147765,5.23688,5.924594,10.457591,8.390692,3.214947,"ID_4","VERIO","cat","VERIO_cat"
"707",1.568063,7.07055,4.731653,5.871452,10.727188,8.027444,3.349197,"ID_98","SKYRA","cat","SKYRA_cat"
"708",1.603532,7.184812,4.689869,5.927069,10.69315,8.166733,3.352301,"ID_98","VERIO","cat","VERIO_cat"
"709",1.67005,7.347676,5.647202,6.079982,10.873839,8.747598,3.550726,"ID_52","VERIO","cat","VERIO_cat"
"710",1.53758,6.984772,4.998945,5.554841,9.997385,8.321625,3.270148,"ID_117","SKYRA","cat","SKYRA_cat"
"711",1.5453,6.966447,4.997014,5.578723,9.990967,8.317412,3.344254,"ID_117","VERIO","cat","VERIO_cat"
"712",1.760043,7.7659,5.696364,6.4429,10.752601,8.286104,3.373538,"ID_58","SKYRA","cat","SKYRA_cat"
"713",1.766137,7.797493,5.727258,6.470999,10.737083,8.317928,3.435194,"ID_58","VERIO","cat","VERIO_cat"
"714",1.499601,6.743889,4.679828,5.354089,10.10659,8.135687,3.266831,"ID_53","SKYRA","cat","SKYRA_cat"
"715",1.501592,6.80973,4.694124,5.346541,10.063618,8.145994,3.294459,"ID_53","VERIO","cat","VERIO_cat"
"716",1.348266,6.451943,4.014477,4.991307,10.371142,7.34366,2.81537,"ID_72","SKYRA","cat","SKYRA_cat"
"717",1.355884,6.538781,4.014249,5.039741,10.345465,7.355451,2.823467,"ID_72","VERIO","cat","VERIO_cat"
"718",1.629309,7.743766,4.811898,6.163506,10.000447,8.898195,3.675966,"ID_3","SKYRA","cat","SKYRA_cat"
"719",1.61446,7.631934,4.899815,6.094561,10.018293,8.780947,3.639938,"ID_3","VERIO","cat","VERIO_cat"
"720",1.342489,6.004762,3.99087,4.947367,9.998455,6.829521,2.589715,"ID_121","SKYRA","cat","SKYRA_cat"
"721",1.34378,6.112197,3.991583,4.977086,9.965076,6.915722,2.61467,"ID_121","VERIO","cat","VERIO_cat"
"722",1.366365,6.487356,4.289506,5.086656,9.888584,7.139166,2.742844,"ID_57","SKYRA","cat","SKYRA_cat"
"723",1.362103,6.463045,4.266446,5.059027,9.859184,7.05822,2.750818,"ID_57","VERIO","cat","VERIO_cat"
"724",1.616601,7.352002,5.414845,5.980547,10.331573,7.695053,2.981029,"ID_68","SKYRA","cat","SKYRA_cat"
"725",1.601515,7.246864,5.333654,5.911966,10.29339,7.770067,2.979739,"ID_68","VERIO","cat","VERIO_cat"
"726",1.563267,7.466594,4.695269,5.943498,10.097186,9.060213,3.604683,"ID_120","SKYRA","cat","SKYRA_cat"
"727",1.568579,7.472967,4.70765,5.981363,10.098115,9.04661,3.588517,"ID_120","VERIO","cat","VERIO_cat"
"728",1.597472,6.954779,5.25203,5.832958,10.296978,7.966185,3.169551,"ID_25","SKYRA","cat","SKYRA_cat"
"729",1.581661,6.877475,5.168672,5.754991,10.277059,8.013773,3.229808,"ID_25","VERIO","cat","VERIO_cat"
"730",1.805856,8.153175,5.237722,6.748668,11.544485,8.905389,3.583132,"ID_8","SKYRA","cat","SKYRA_cat"
"731",1.801078,8.200581,5.237406,6.737911,11.520207,8.959216,3.688872,"ID_8","VERIO","cat","VERIO_cat"
"732",1.525449,7.206329,4.990889,5.60036,9.780328,8.638267,3.438735,"ID_19","SKYRA","cat","SKYRA_cat"
"733",1.515199,7.078443,4.924933,5.552447,9.809838,8.637159,3.542942,"ID_19","VERIO","cat","VERIO_cat"
"734",1.444665,6.454374,4.666498,5.158152,10.108901,7.643981,2.958282,"ID_92","SKYRA","cat","SKYRA_cat"
"735",1.433339,6.388375,4.631558,5.094197,10.092509,7.580209,2.940001,"ID_92","VERIO","cat","VERIO_cat"
"736",1.40321,6.549895,4.403851,5.23222,10.197165,7.543299,2.843718,"ID_15","SKYRA","cat","SKYRA_cat"
"737",1.398841,6.506014,4.36719,5.207457,10.188112,7.580552,2.860095,"ID_15","VERIO","cat","VERIO_cat"
"738",1.561936,7.114035,5.092908,5.757196,10.170019,8.492737,3.276336,"ID_78","SKYRA","cat","SKYRA_cat"
"739",1.55291,7.008068,5.038911,5.710104,10.171376,8.527678,3.08236,"ID_78","VERIO","cat","VERIO_cat"
"740",1.50501,6.758277,4.942789,5.514893,10.194022,8.317831,3.368552,"ID_90","SKYRA","cat","SKYRA_cat"
"741",1.50236,6.866097,4.93333,5.50685,10.142036,8.325819,3.366603,"ID_90","VERIO","cat","VERIO_cat"
"742",1.749764,8.083231,5.48966,6.487448,10.865101,7.635065,3.060788,"ID_51","SKYRA","cat","SKYRA_cat"
"743",1.752641,8.03634,5.473693,6.492201,10.856734,7.626979,2.871536,"ID_51","VERIO","cat","VERIO_cat"
"744",1.59547,7.552969,4.921558,6.086916,10.014009,8.069212,3.256867,"ID_66","SKYRA","cat","SKYRA_cat"
"745",1.574286,7.446334,4.847146,5.983339,10.006046,7.87629,3.345082,"ID_66","VERIO","cat","VERIO_cat"
"746",1.54933,7.421257,5.002962,5.763421,10.324081,8.174004,3.22129,"ID_101","SKYRA","cat","SKYRA_cat"
"747",1.558144,7.443516,4.974815,5.79908,10.300172,8.161735,3.183809,"ID_101","VERIO","cat","VERIO_cat"
"748",1.428585,6.680333,4.298603,5.305554,10.524029,7.489992,2.943729,"ID_108","SKYRA","cat","SKYRA_cat"
"749",1.428358,6.649492,4.262377,5.298496,10.518177,7.470259,2.981265,"ID_108","VERIO","cat","VERIO_cat"
"750",1.591229,7.012102,5.224312,5.801558,9.792246,8.026773,3.307776,"ID_39","SKYRA","cat","SKYRA_cat"
"751",1.589028,6.932728,5.203303,5.785625,9.812153,8.022344,3.272758,"ID_39","VERIO","cat","VERIO_cat"
"752",1.617422,7.365763,5.108683,5.997956,10.049595,8.745293,3.358171,"ID_99","SKYRA","cat","SKYRA_cat"
"753",1.619674,7.442799,5.134579,6.00675,10.018335,8.947688,3.455122,"ID_99","VERIO","cat","VERIO_cat"
"754",1.749901,8.061936,5.431117,6.514033,10.409952,9.060351,3.876906,"ID_23","SKYRA","cat","SKYRA_cat"
"755",1.75462,8.12095,5.44108,6.537568,10.401138,9.100729,3.608291,"ID_23","VERIO","cat","VERIO_cat"
"756",1.56085,7.290563,4.887476,5.709971,10.362746,7.686832,2.782239,"ID_91","SKYRA","cat","SKYRA_cat"
"757",1.576197,7.342767,4.910492,5.754468,10.367102,7.728226,2.833107,"ID_91","VERIO","cat","VERIO_cat"
"758",1.387076,6.371135,4.090001,5.144665,10.80334,7.560508,2.799536,"ID_65","SKYRA","cat","SKYRA_cat"
"759",1.387322,6.384846,4.088405,5.16026,10.794202,7.604392,2.770134,"ID_65","VERIO","cat","VERIO_cat"
"760",1.512506,6.882049,4.881843,5.564456,10.563352,8.002838,2.814239,"ID_6","VERIO","cat","VERIO_cat"
"761",1.433764,6.656602,4.504921,5.166188,10.07773,7.570346,2.881215,"ID_13","SKYRA","cat","SKYRA_cat"
"762",1.421419,6.678245,4.46371,5.140868,10.092549,7.645553,2.985843,"ID_13","VERIO","cat","VERIO_cat"
"763",1.246705,5.557235,3.803635,4.429211,10.080107,6.698438,2.63633,"ID_70","SKYRA","cat","SKYRA_cat"
"764",1.224409,5.418627,3.693896,4.308523,10.079331,6.578915,2.631478,"ID_70","VERIO","cat","VERIO_cat"
"765",1.679119,7.773281,5.341851,6.326566,9.966823,8.948549,3.403943,"ID_11","SKYRA","cat","SKYRA_cat"
"766",1.6686,7.81979,5.311759,6.285196,9.923539,8.997978,3.403483,"ID_11","VERIO","cat","VERIO_cat"
"767",1.419057,6.662515,4.468219,5.340739,10.198948,7.730397,2.791213,"ID_34","SKYRA","cat","SKYRA_cat"
"768",1.402848,6.654238,4.455198,5.276915,10.140406,7.729938,2.731577,"ID_34","VERIO","cat","VERIO_cat"
"769",1.514173,6.74088,4.852323,5.489244,10.07805,8.029379,3.257995,"ID_9","SKYRA","cat","SKYRA_cat"
"770",1.516519,6.683403,4.950841,5.481799,10.059162,8.058492,3.07511,"ID_9","VERIO","cat","VERIO_cat"
"771",1.655563,7.60767,5.168235,6.180752,10.2448,8.851459,3.42106,"ID_2","SKYRA","cat","SKYRA_cat"
"772",1.673267,7.739496,5.194827,6.263501,10.215241,8.84925,3.381484,"ID_2","VERIO","cat","VERIO_cat"
"773",1.506032,6.918594,4.974884,5.537738,9.966923,7.950865,3.190058,"ID_94","SKYRA","cat","SKYRA_cat"
"774",1.489518,6.836946,4.924247,5.456071,9.93603,8.013791,3.059098,"ID_94","VERIO","cat","VERIO_cat"
"775",1.530296,6.958035,4.848014,5.598046,10.26422,8.652143,3.604034,"ID_33","SKYRA","cat","SKYRA_cat"
"776",1.529373,6.941112,4.880104,5.579969,10.195315,8.768444,3.541685,"ID_33","VERIO","cat","VERIO_cat"
"777",1.813333,8.04536,5.795553,6.68108,10.548324,9.561271,3.553907,"ID_75","SKYRA","cat","SKYRA_cat"
"778",1.805994,8.045328,5.745242,6.626668,10.495317,9.475443,3.528545,"ID_75","VERIO","cat","VERIO_cat"
"779",1.415038,6.198462,4.603332,4.980579,10.40988,7.86541,2.968216,"ID_27","SKYRA","cat","SKYRA_cat"
"780",1.420648,6.161214,4.610158,5.003842,10.437543,7.723224,2.883938,"ID_27","VERIO","cat","VERIO_cat"
"781",1.306177,5.179373,3.974136,4.424545,11.08177,7.063492,2.855347,"ID_96","SKYRA","cat","SKYRA_cat"
"782",1.305657,5.232398,4.016037,4.452683,11.080098,7.111106,2.933451,"ID_96","VERIO","cat","VERIO_cat"
"783",1.361197,5.766902,4.18749,4.893697,10.274642,7.08014,2.849822,"ID_14","SKYRA","cat","SKYRA_cat"
"784",1.370267,5.782551,4.199809,4.905879,10.251372,7.205483,2.81182,"ID_14","VERIO","cat","VERIO_cat"
"785",1.66085,6.46544,5.039378,5.903333,10.597015,8.510085,3.186126,"ID_112","SKYRA","cat","SKYRA_cat"
"786",1.665707,6.422811,5.071511,5.891914,10.600125,8.459757,3.144888,"ID_112","VERIO","cat","VERIO_cat"
"787",1.508294,6.566957,4.832074,5.386523,10.272161,7.400474,3.032063,"ID_62","SKYRA","cat","SKYRA_cat"
"788",1.512226,6.582005,4.882815,5.405915,10.221044,7.37812,2.980205,"ID_62","VERIO","cat","VERIO_cat"
"789",1.413877,5.823434,4.130236,4.949395,10.609954,7.511569,3.144944,"ID_50","SKYRA","cat","SKYRA_cat"
"790",1.442994,5.945902,4.151258,5.009322,10.588633,7.547447,3.230897,"ID_50","VERIO","cat","VERIO_cat"
"791",1.409363,6.233967,4.799329,5.088328,10.053679,7.710411,3.135724,"ID_110","SKYRA","cat","SKYRA_cat"
"792",1.426483,6.29855,4.818651,5.162569,10.030259,7.663577,3.172708,"ID_110","VERIO","cat","VERIO_cat"
"793",1.598011,5.844278,5.120508,5.424621,10.550026,7.752766,2.836511,"ID_106","SKYRA","cat","SKYRA_cat"
"794",1.590004,5.88973,5.162386,5.457649,10.554596,7.750238,2.850099,"ID_106","VERIO","cat","VERIO_cat"
"795",1.635758,6.745926,5.638128,5.681429,9.945606,8.83135,3.432389,"ID_111","SKYRA","cat","SKYRA_cat"
"796",1.638632,6.713913,5.654527,5.697214,9.96943,8.883526,3.441327,"ID_111","VERIO","cat","VERIO_cat"
"797",1.476083,6.32704,5.096137,5.152064,10.315281,8.665728,3.26173,"ID_74","SKYRA","cat","SKYRA_cat"
"798",1.490024,6.390201,5.110601,5.22171,10.300264,8.63927,3.208742,"ID_74","VERIO","cat","VERIO_cat"
"799",1.507354,6.743932,5.118824,5.504156,9.977048,8.16627,3.477428,"ID_102","SKYRA","cat","SKYRA_cat"
"800",1.507807,6.726936,5.137183,5.494777,9.971537,8.118851,3.389508,"ID_102","VERIO","cat","VERIO_cat"
"801",1.50146,6.502128,4.949674,5.464223,10.508653,7.958344,3.213517,"ID_95","SKYRA","cat","SKYRA_cat"
"802",1.477561,6.369158,4.852813,5.352931,10.484491,7.895359,3.13095,"ID_95","VERIO","cat","VERIO_cat"
"803",1.704777,8.489749,5.076268,6.556743,10.039949,8.873534,3.465401,"ID_76","SKYRA","cat","SKYRA_cat"
"804",1.702976,8.491533,5.070137,6.548317,10.014848,8.860076,3.502664,"ID_76","VERIO","cat","VERIO_cat"
"805",1.554934,6.976786,5.314864,5.597054,9.937935,7.972068,3.115946,"ID_97","SKYRA","cat","SKYRA_cat"
"806",1.545579,6.938888,5.278406,5.561687,9.897724,8.02174,3.064734,"ID_97","VERIO","cat","VERIO_cat"
"807",1.333933,6.207286,4.036251,4.889963,10.192205,7.234276,3.041162,"ID_60","SKYRA","cat","SKYRA_cat"
"808",1.337114,6.26443,4.05182,4.911936,10.185019,7.307656,3.058891,"ID_60","VERIO","cat","VERIO_cat"
"809",1.441755,6.185136,3.875067,5.349517,11.445099,7.505882,3.151754,"ID_31","SKYRA","cat","SKYRA_cat"
"810",1.424135,6.169372,3.855499,5.281154,11.418279,7.600448,3.210938,"ID_31","VERIO","cat","VERIO_cat"
"811",1.86899,9.081252,5.82451,7.117077,10.654353,9.165668,3.693717,"ID_45","SKYRA","cat","SKYRA_cat"
"812",1.862701,8.885584,5.749376,7.073321,10.63411,9.147673,3.676861,"ID_45","VERIO","cat","VERIO_cat"
